"Date","Home Team","Away Team","Home Score","Away Score","Bet Choice","Profit","Is Win","Factor Values","Combined Value","Decision Logic","Home Odds","Away Odds","Handicap"
"2023-08-11T16:00:00.000Z","Brighton","Luton","4","1","HOME","94","true","[1.000]","1.000","Factors: [1.000] Combined: 1.000 → BET HOME (Top 25%)","1.94","1.88","Unknown"
"2023-08-11T16:00:00.000Z","Arsenal","Nottingham Forest","2","1","HOME","-100","false","[1.000]","1.000","Factors: [1.000] Combined: 1.000 → BET HOME (Top 25%)","1.84","1.98","Unknown"
"2023-08-12T16:00:00.000Z","Newcastle","Aston Villa","5","1","HOME","83","true","[1.000]","1.000","Factors: [1.000] Combined: 1.000 → BET HOME (Top 25%)","1.83","1.99","Unknown"
"2023-08-14T16:00:00.000Z","Manchester Utd","Wolves","1","0","HOME","-100","false","[1.000]","1.000","Factors: [1.000] Combined: 1.000 → BET HOME (Top 25%)","1.94","1.88","Unknown"
"2023-08-18T16:00:00.000Z","Nottingham Forest","Sheff Utd","2","1","HOME","54.5","true","[1.000]","1.000","Factors: [1.000] Combined: 1.000 → BET HOME (Top 25%)","2.09","1.75","Unknown"
"2023-08-18T16:00:00.000Z","Liverpool","Bournemouth","3","1","HOME","0","false","[1.000]","1.000","Factors: [1.000] Combined: 1.000 → BET HOME (Top 25%)","1.77","2.07","Unknown"
"2023-08-19T16:00:00.000Z","Aston Villa","Everton","4","0","HOME","98","true","[1.000]","1.000","Factors: [1.000] Combined: 1.000 → BET HOME (Top 25%)","1.98","1.84","Unknown"
"2023-08-25T16:00:00.000Z","Chelsea","Luton","3","0","HOME","100","true","[1.000]","1.000","Factors: [1.000] Combined: 1.000 → BET HOME (Top 25%)","2","1.82","Unknown"
"2023-08-25T16:00:00.000Z","Manchester Utd","Nottingham Forest","3","2","HOME","-100","false","[1.000]","1.000","Factors: [1.000] Combined: 1.000 → BET HOME (Top 25%)","2.22","1.67","Unknown"
"2023-09-02T16:00:00.000Z","Crystal Palace","Wolves","3","2","HOME","56","true","[1.000]","1.000","Factors: [1.000] Combined: 1.000 → BET HOME (Top 25%)","2.12","1.73","Unknown"
"2023-09-15T16:00:00.000Z","Manchester Utd","Brighton","1","3","HOME","-100","false","[1.000]","1.000","Factors: [1.000] Combined: 1.000 → BET HOME (Top 25%)","1.76","2.08","Unknown"
"2023-09-15T16:00:00.000Z","Fulham","Luton","1","0","HOME","39","true","[1.000]","1.000","Factors: [1.000] Combined: 1.000 → BET HOME (Top 25%)","1.78","2.05","Unknown"
"2023-09-16T16:00:00.000Z","Newcastle","Brentford","1","0","HOME","36.5","true","[1.000]","1.000","Factors: [1.000] Combined: 1.000 → BET HOME (Top 25%)","1.73","2.12","Unknown"
"2023-09-18T16:00:00.000Z","Nottingham Forest","Burnley","1","1","HOME","-50","false","[1.000]","1.000","Factors: [1.000] Combined: 1.000 → BET HOME (Top 25%)","1.75","2.09","Unknown"
"2023-09-23T16:00:00.000Z","Chelsea","Aston Villa","0","1","HOME","-100","false","[1.000]","1.000","Factors: [1.000] Combined: 1.000 → BET HOME (Top 25%)","2","1.82","Unknown"
"2023-09-23T16:00:00.000Z","Brentford","Everton","1","3","HOME","-100","false","[1.000]","1.000","Factors: [1.000] Combined: 1.000 → BET HOME (Top 25%)","2.09","1.75","Unknown"
"2023-09-29T16:00:00.000Z","Everton","Luton","1","2","HOME","-100","false","[1.000]","1.000","Factors: [1.000] Combined: 1.000 → BET HOME (Top 25%)","1.76","2.08","Unknown"
"2023-10-06T16:00:00.000Z","Everton","Bournemouth","3","0","HOME","108","true","[1.000]","1.000","Factors: [1.000] Combined: 1.000 → BET HOME (Top 25%)","2.08","1.76","Unknown"
"2023-10-06T16:00:00.000Z","Fulham","Sheff Utd","3","1","HOME","80","true","[1.000]","1.000","Factors: [1.000] Combined: 1.000 → BET HOME (Top 25%)","1.8","2.03","Unknown"
"2023-10-20T16:00:00.000Z","Nottingham Forest","Luton","2","2","HOME","-100","false","[1.000]","1.000","Factors: [1.000] Combined: 1.000 → BET HOME (Top 25%)","1.85","1.97","Unknown"
"2023-10-20T16:00:00.000Z","Brentford","Burnley","3","0","HOME","89","true","[1.000]","1.000","Factors: [1.000] Combined: 1.000 → BET HOME (Top 25%)","1.89","1.93","Unknown"
"2023-10-27T16:00:00.000Z","Bournemouth","Burnley","2","1","HOME","84","true","[1.000]","1.000","Factors: [1.000] Combined: 1.000 → BET HOME (Top 25%)","1.84","1.98","Unknown"
"2023-11-03T16:00:00.000Z","Brentford","West Ham","3","2","HOME","82","true","[1.000]","1.000","Factors: [1.000] Combined: 1.000 → BET HOME (Top 25%)","1.82","2","Unknown"
"2023-11-11T16:00:00.000Z","West Ham","Nottingham Forest","3","2","HOME","51","true","[1.000]","1.000","Factors: [1.000] Combined: 1.000 → BET HOME (Top 25%)","2.02","1.81","Unknown"
"2023-12-01T16:00:00.000Z","Brentford","Luton","3","1","HOME","79","true","[1.000]","1.000","Factors: [1.000] Combined: 1.000 → BET HOME (Top 25%)","1.79","2.04","Unknown"
"2023-12-02T16:00:00.000Z","Chelsea","Brighton","3","2","HOME","0","false","[1.000]","1.000","Factors: [1.000] Combined: 1.000 → BET HOME (Top 25%)","1.92","1.9","Unknown"
"2023-12-05T16:00:00.000Z","Wolves","Burnley","1","0","HOME","53.5","true","[1.000]","1.000","Factors: [1.000] Combined: 1.000 → BET HOME (Top 25%)","2.07","1.77","Unknown"
"2023-12-06T16:00:00.000Z","Fulham","Nottingham Forest","5","0","HOME","124.00000000000003","true","[1.000]","1.000","Factors: [1.000] Combined: 1.000 → BET HOME (Top 25%)","2.24","1.66","Unknown"
"2023-12-08T16:00:00.000Z","Wolves","Nottingham Forest","1","1","HOME","-100","false","[1.000]","1.000","Factors: [1.000] Combined: 1.000 → BET HOME (Top 25%)","2.09","1.74","Unknown"
"2023-12-15T16:00:00.000Z","Chelsea","Sheff Utd","2","0","HOME","0","false","[1.000]","1.000","Factors: [1.000] Combined: 1.000 → BET HOME (Top 25%)","1.83","1.99","Unknown"
"2023-12-22T16:00:00.000Z","Fulham","Burnley","0","2","HOME","-100","false","[1.000]","1.000","Factors: [1.000] Combined: 1.000 → BET HOME (Top 25%)","1.78","2.05","Unknown"
"2023-12-25T16:00:00.000Z","Bournemouth","Fulham","3","0","HOME","114","true","[1.000]","1.000","Factors: [1.000] Combined: 1.000 → BET HOME (Top 25%)","2.14","1.72","Unknown"
"2023-12-27T16:00:00.000Z","Chelsea","Crystal Palace","2","1","HOME","47.5","true","[1.000]","1.000","Factors: [1.000] Combined: 1.000 → BET HOME (Top 25%)","1.95","1.87","Unknown"
"2023-12-27T16:00:00.000Z","Brentford","Wolves","1","4","HOME","-100","false","[1.000]","1.000","Factors: [1.000] Combined: 1.000 → BET HOME (Top 25%)","1.85","1.97","Unknown"
"2023-12-29T16:00:00.000Z","Crystal Palace","Brentford","3","1","HOME","75","true","[1.000]","1.000","Factors: [1.000] Combined: 1.000 → BET HOME (Top 25%)","1.75","2.09","Unknown"
"2024-01-20T16:00:00.000Z","Brentford","Nottingham Forest","3","2","HOME","46","true","[1.000]","1.000","Factors: [1.000] Combined: 1.000 → BET HOME (Top 25%)","1.92","1.9","Unknown"
"2024-01-30T16:00:00.000Z","Crystal Palace","Sheff Utd","3","2","HOME","35","true","[1.000]","1.000","Factors: [1.000] Combined: 1.000 → BET HOME (Top 25%)","1.7","2.17","Unknown"
"2024-02-03T16:00:00.000Z","Bournemouth","Nottingham Forest","1","1","HOME","-100","false","[1.000]","1.000","Factors: [1.000] Combined: 1.000 → BET HOME (Top 25%)","1.79","2.04","Unknown"
"2024-02-19T16:00:00.000Z","Everton","Crystal Palace","1","1","HOME","-100","false","[1.000]","1.000","Factors: [1.000] Combined: 1.000 → BET HOME (Top 25%)","1.98","1.84","Unknown"
"2024-02-23T16:00:00.000Z","Crystal Palace","Burnley","3","0","HOME","120.00000000000003","true","[1.000]","1.000","Factors: [1.000] Combined: 1.000 → BET HOME (Top 25%)","2.2","1.68","Unknown"
"2024-02-24T16:00:00.000Z","Wolves","Sheff Utd","1","0","HOME","-50","false","[1.000]","1.000","Factors: [1.000] Combined: 1.000 → BET HOME (Top 25%)","2","1.82","Unknown"
"2024-03-01T16:00:00.000Z","Everton","West Ham","1","3","HOME","-100","false","[1.000]","1.000","Factors: [1.000] Combined: 1.000 → BET HOME (Top 25%)","1.83","1.99","Unknown"
"2024-03-08T16:00:00.000Z","Crystal Palace","Luton","1","1","HOME","-100","false","[1.000]","1.000","Factors: [1.000] Combined: 1.000 → BET HOME (Top 25%)","2.03","1.8","Unknown"
"2024-03-08T16:00:00.000Z","Bournemouth","Sheff Utd","2","2","HOME","-100","false","[1.000]","1.000","Factors: [1.000] Combined: 1.000 → BET HOME (Top 25%)","2.08","1.76","Unknown"
"2024-03-11T16:00:00.000Z","Chelsea","Newcastle","3","2","HOME","46.5","true","[1.000]","1.000","Factors: [1.000] Combined: 1.000 → BET HOME (Top 25%)","1.93","1.87","Unknown"
"2024-03-13T16:00:00.000Z","Bournemouth","Luton","4","3","HOME","0","false","[1.000]","1.000","Factors: [1.000] Combined: 1.000 → BET HOME (Top 25%)","1.84","1.98","Unknown"
"2024-03-29T16:00:00.000Z","Bournemouth","Everton","2","1","HOME","86","true","[1.000]","1.000","Factors: [1.000] Combined: 1.000 → BET HOME (Top 25%)","1.86","1.96","Unknown"
"2024-03-29T16:00:00.000Z","Chelsea","Burnley","2","2","HOME","-100","false","[1.000]","1.000","Factors: [1.000] Combined: 1.000 → BET HOME (Top 25%)","1.83","1.99","Unknown"
"2024-04-02T16:00:00.000Z","Bournemouth","Crystal Palace","1","0","HOME","57","true","[1.000]","1.000","Factors: [1.000] Combined: 1.000 → BET HOME (Top 25%)","2.14","1.72","Unknown"
"2024-04-04T16:00:00.000Z","Chelsea","Manchester Utd","4","3","HOME","52","true","[1.000]","1.000","Factors: [1.000] Combined: 1.000 → BET HOME (Top 25%)","2.04","1.79","Unknown"
"2024-04-05T16:00:00.000Z","Everton","Burnley","1","0","HOME","44","true","[1.000]","1.000","Factors: [1.000] Combined: 1.000 → BET HOME (Top 25%)","1.88","1.94","Unknown"
"2024-04-12T16:00:00.000Z","Nottingham Forest","Wolves","2","2","HOME","-50","false","[1.000]","1.000","Factors: [1.000] Combined: 1.000 → BET HOME (Top 25%)","1.78","2.05","Unknown"
"2024-04-12T16:00:00.000Z","Brentford","Sheff Utd","2","0","HOME","95","true","[1.000]","1.000","Factors: [1.000] Combined: 1.000 → BET HOME (Top 25%)","1.95","1.87","Unknown"
"2024-04-26T16:00:00.000Z","Fulham","Crystal Palace","1","1","HOME","-50","false","[1.000]","1.000","Factors: [1.000] Combined: 1.000 → BET HOME (Top 25%)","1.81","2.01","Unknown"
"2024-04-26T16:00:00.000Z","Wolves","Luton","2","1","HOME","56","true","[1.000]","1.000","Factors: [1.000] Combined: 1.000 → BET HOME (Top 25%)","2.12","1.73","Unknown"
"2024-04-27T16:00:00.000Z","Bournemouth","Brighton","3","0","HOME","76","true","[1.000]","1.000","Factors: [1.000] Combined: 1.000 → BET HOME (Top 25%)","1.76","2.08","Unknown"
"2024-05-03T16:00:00.000Z","Brentford","Fulham","0","0","HOME","-50","false","[1.000]","1.000","Factors: [1.000] Combined: 1.000 → BET HOME (Top 25%)","1.75","2.1","Unknown"
"2024-05-06T16:00:00.000Z","Crystal Palace","Manchester Utd","4","0","HOME","82","true","[1.000]","1.000","Factors: [1.000] Combined: 1.000 → BET HOME (Top 25%)","1.82","2","Unknown"
"2024-05-10T16:00:00.000Z","Bournemouth","Brentford","1","2","HOME","-100","false","[1.000]","1.000","Factors: [1.000] Combined: 1.000 → BET HOME (Top 25%)","1.8","2.03","Unknown"
"2024-05-10T16:00:00.000Z","Everton","Sheff Utd","1","0","HOME","-50","false","[1.000]","1.000","Factors: [1.000] Combined: 1.000 → BET HOME (Top 25%)","1.78","2.05","Unknown"
"2024-05-18T16:00:00.000Z","Crystal Palace","Aston Villa","5","0","HOME","74","true","[1.000]","1.000","Factors: [1.000] Combined: 1.000 → BET HOME (Top 25%)","1.74","2.11","Unknown"
"2024-08-16T16:00:00.000Z","Newcastle","Southampton","1","0","HOME","-50","false","[1.000]","1.000","Factors: [1.000] Combined: 1.000 → BET HOME (Top 25%)","1.78","2.05","Unknown"
"2024-08-16T16:00:00.000Z","Arsenal","Wolves","2","0","HOME","-50","false","[1.000]","1.000","Factors: [1.000] Combined: 1.000 → BET HOME (Top 25%)","1.97","1.85","Unknown"
"2024-08-16T16:00:00.000Z","Manchester Utd","Fulham","1","0","HOME","38","true","[1.000]","1.000","Factors: [1.000] Combined: 1.000 → BET HOME (Top 25%)","1.76","2.08","Unknown"
"2024-08-23T16:00:00.000Z","Fulham","Leicester","2","1","HOME","54.5","true","[1.000]","1.000","Factors: [1.000] Combined: 1.000 → BET HOME (Top 25%)","2.09","1.75","Unknown"
"2024-08-23T16:00:00.000Z","Crystal Palace","West Ham","0","2","HOME","-100","false","[1.000]","1.000","Factors: [1.000] Combined: 1.000 → BET HOME (Top 25%)","1.71","2.16","Unknown"
"2024-08-30T16:00:00.000Z","Brentford","Southampton","3","1","HOME","95","true","[1.000]","1.000","Factors: [1.000] Combined: 1.000 → BET HOME (Top 25%)","1.95","1.87","Unknown"
"2024-08-31T16:00:00.000Z","Chelsea","Crystal Palace","1","1","HOME","-100","false","[1.000]","1.000","Factors: [1.000] Combined: 1.000 → BET HOME (Top 25%)","1.95","1.87","Unknown"
"2024-09-13T16:00:00.000Z","Crystal Palace","Leicester","2","2","HOME","-100","false","[1.000]","1.000","Factors: [1.000] Combined: 1.000 → BET HOME (Top 25%)","1.8","2.03","Unknown"
"2024-09-20T16:00:00.000Z","Tottenham","Brentford","3","1","HOME","88","true","[1.000]","1.000","Factors: [1.000] Combined: 1.000 → BET HOME (Top 25%)","1.88","1.94","Unknown"
"2024-09-20T16:00:00.000Z","Leicester","Everton","1","1","HOME","-50","false","[1.000]","1.000","Factors: [1.000] Combined: 1.000 → BET HOME (Top 25%)","1.81","2.02","Unknown"
"2024-09-28T16:00:00.000Z","Manchester Utd","Tottenham","0","3","HOME","-100","false","[1.000]","1.000","Factors: [1.000] Combined: 1.000 → BET HOME (Top 25%)","1.8","2.03","Unknown"
"2024-09-30T16:00:00.000Z","Bournemouth","Southampton","3","1","HOME","81","true","[1.000]","1.000","Factors: [1.000] Combined: 1.000 → BET HOME (Top 25%)","1.81","2.02","Unknown"
"2024-10-04T16:00:00.000Z","Brentford","Wolves","5","3","HOME","71","true","[1.000]","1.000","Factors: [1.000] Combined: 1.000 → BET HOME (Top 25%)","1.71","2.16","Unknown"
"2024-10-04T16:00:00.000Z","West Ham","Ipswich","4","1","HOME","109","true","[1.000]","1.000","Factors: [1.000] Combined: 1.000 → BET HOME (Top 25%)","2.09","1.75","Unknown"
"2024-10-18T16:00:00.000Z","Manchester Utd","Brentford","2","1","HOME","0","false","[1.000]","1.000","Factors: [1.000] Combined: 1.000 → BET HOME (Top 25%)","1.98","1.84","Unknown"
"2024-10-25T16:00:00.000Z","Brentford","Ipswich","4","3","HOME","0","false","[1.000]","1.000","Factors: [1.000] Combined: 1.000 → BET HOME (Top 25%)","2.08","1.75","Unknown"
"2024-11-04T16:00:00.000Z","Fulham","Brentford","2","1","HOME","73","true","[1.000]","1.000","Factors: [1.000] Combined: 1.000 → BET HOME (Top 25%)","1.73","2.12","Unknown"
"2024-11-08T16:00:00.000Z","West Ham","Everton","0","0","HOME","-50","false","[1.000]","1.000","Factors: [1.000] Combined: 1.000 → BET HOME (Top 25%)","1.78","2.05","Unknown"
"2024-11-08T16:00:00.000Z","Wolves","Southampton","2","0","HOME","112","true","[1.000]","1.000","Factors: [1.000] Combined: 1.000 → BET HOME (Top 25%)","2.12","1.73","Unknown"
"2024-11-09T16:00:00.000Z","Manchester Utd","Leicester","3","0","HOME","106.99999999999997","true","[1.000]","1.000","Factors: [1.000] Combined: 1.000 → BET HOME (Top 25%)","2.07","1.77","Unknown"
"2024-11-29T16:00:00.000Z","Brentford","Leicester","4","1","HOME","100","true","[1.000]","1.000","Factors: [1.000] Combined: 1.000 → BET HOME (Top 25%)","2","1.82","Unknown"
"2024-11-30T16:00:00.000Z","Manchester Utd","Everton","4","0","HOME","93","true","[1.000]","1.000","Factors: [1.000] Combined: 1.000 → BET HOME (Top 25%)","1.93","1.89","Unknown"
"2024-12-04T16:00:00.000Z","Aston Villa","Brentford","3","1","HOME","80","true","[1.000]","1.000","Factors: [1.000] Combined: 1.000 → BET HOME (Top 25%)","1.8","2.02","Unknown"
"2024-12-07T16:00:00.000Z","Manchester Utd","Nottingham Forest","2","3","HOME","-100","false","[1.000]","1.000","Factors: [1.000] Combined: 1.000 → BET HOME (Top 25%)","1.77","2.07","Unknown"
"2024-12-09T16:00:00.000Z","West Ham","Wolves","2","1","HOME","47.5","true","[1.000]","1.000","Factors: [1.000] Combined: 1.000 → BET HOME (Top 25%)","1.95","1.87","Unknown"
"2024-12-13T16:00:00.000Z","Wolves","Ipswich","1","2","HOME","-100","false","[1.000]","1.000","Factors: [1.000] Combined: 1.000 → BET HOME (Top 25%)","1.71","2.15","Unknown"
"2024-12-13T16:00:00.000Z","Newcastle","Leicester","4","0","HOME","95","true","[1.000]","1.000","Factors: [1.000] Combined: 1.000 → BET HOME (Top 25%)","1.95","1.87","Unknown"
"2024-12-21T16:00:00.000Z","Manchester Utd","Bournemouth","0","3","HOME","-100","false","[1.000]","1.000","Factors: [1.000] Combined: 1.000 → BET HOME (Top 25%)","1.93","1.89","Unknown"
"2024-12-28T16:00:00.000Z","Crystal Palace","Southampton","2","1","HOME","0","false","[1.000]","1.000","Factors: [1.000] Combined: 1.000 → BET HOME (Top 25%)","1.78","2.05","Unknown"
"2024-12-28T16:00:00.000Z","Tottenham","Wolves","2","2","HOME","-100","false","[1.000]","1.000","Factors: [1.000] Combined: 1.000 → BET HOME (Top 25%)","1.99","1.83","Unknown"
"2025-01-16T16:00:00.000Z","Manchester Utd","Southampton","3","1","HOME","46.5","true","[1.000]","1.000","Factors: [1.000] Combined: 1.000 → BET HOME (Top 25%)","1.93","1.9","Unknown"
"2025-01-25T16:00:00.000Z","Crystal Palace","Brentford","1","2","HOME","-100","false","[1.000]","1.000","Factors: [1.000] Combined: 1.000 → BET HOME (Top 25%)","1.71","2.15","Unknown"
"2025-01-25T16:00:00.000Z","Tottenham","Leicester","1","2","HOME","-100","false","[1.000]","1.000","Factors: [1.000] Combined: 1.000 → BET HOME (Top 25%)","1.96","1.86","Unknown"
"2025-01-31T16:00:00.000Z","Everton","Leicester","4","0","HOME","116","true","[1.000]","1.000","Factors: [1.000] Combined: 1.000 → BET HOME (Top 25%)","2.16","1.71","Unknown"
"2025-01-31T16:00:00.000Z","Ipswich","Southampton","1","2","HOME","-100","false","[1.000]","1.000","Factors: [1.000] Combined: 1.000 → BET HOME (Top 25%)","2.16","1.71","Unknown"
"2025-02-01T16:00:00.000Z","Brentford","Tottenham","0","2","HOME","-100","false","[1.000]","1.000","Factors: [1.000] Combined: 1.000 → BET HOME (Top 25%)","1.76","2.08","Unknown"
"2025-02-01T16:00:00.000Z","Manchester Utd","Crystal Palace","0","2","HOME","-100","false","[1.000]","1.000","Factors: [1.000] Combined: 1.000 → BET HOME (Top 25%)","1.93","1.89","Unknown"
"2025-02-15T16:00:00.000Z","Crystal Palace","Everton","1","2","HOME","-100","false","[1.000]","1.000","Factors: [1.000] Combined: 1.000 → BET HOME (Top 25%)","1.7","2.17","Unknown"
"2025-02-16T16:00:00.000Z","Tottenham","Manchester Utd","1","0","HOME","84","true","[1.000]","1.000","Factors: [1.000] Combined: 1.000 → BET HOME (Top 25%)","1.84","1.98","Unknown"
"2025-02-26T16:00:00.000Z","Brentford","Everton","1","1","HOME","-50","false","[1.000]","1.000","Factors: [1.000] Combined: 1.000 → BET HOME (Top 25%)","1.75","2.1","Unknown"
"2025-02-26T16:00:00.000Z","Manchester Utd","Ipswich","3","2","HOME","-50","false","[1.000]","1.000","Factors: [1.000] Combined: 1.000 → BET HOME (Top 25%)","2.02","1.81","Unknown"
"2025-02-27T16:00:00.000Z","West Ham","Leicester","2","0","HOME","92","true","[1.000]","1.000","Factors: [1.000] Combined: 1.000 → BET HOME (Top 25%)","1.92","1.9","Unknown"
"2025-03-07T16:00:00.000Z","Crystal Palace","Ipswich","1","0","HOME","0","false","[1.000]","1.000","Factors: [1.000] Combined: 1.000 → BET HOME (Top 25%)","1.91","1.91","Unknown"
"2025-03-14T16:00:00.000Z","Everton","West Ham","1","1","HOME","-50","false","[1.000]","1.000","Factors: [1.000] Combined: 1.000 → BET HOME (Top 25%)","1.75","2.09","Unknown"
"2025-04-05T16:00:00.000Z","Tottenham","Southampton","3","1","HOME","55.5","true","[1.000]","1.000","Factors: [1.000] Combined: 1.000 → BET HOME (Top 25%)","2.11","1.74","Unknown"
"2025-04-18T16:00:00.000Z","West Ham","Southampton","1","1","HOME","-100","false","[1.000]","1.000","Factors: [1.000] Combined: 1.000 → BET HOME (Top 25%)","1.95","1.87","Unknown"
"2025-04-25T16:00:00.000Z","Wolves","Leicester","3","0","HOME","92","true","[1.000]","1.000","Factors: [1.000] Combined: 1.000 → BET HOME (Top 25%)","1.92","1.9","Unknown"
"2025-05-02T16:00:00.000Z","Everton","Ipswich","2","2","HOME","-100","false","[1.000]","1.000","Factors: [1.000] Combined: 1.000 → BET HOME (Top 25%)","1.86","1.96","Unknown"
"2025-05-03T16:00:00.000Z","West Ham","Tottenham","1","1","HOME","-50","false","[1.000]","1.000","Factors: [1.000] Combined: 1.000 → BET HOME (Top 25%)","1.65","2.26","Unknown"
"2025-05-03T16:00:00.000Z","Brentford","Manchester Utd","4","3","HOME","39","true","[1.000]","1.000","Factors: [1.000] Combined: 1.000 → BET HOME (Top 25%)","1.78","2.05","Unknown"
"2025-05-10T16:00:00.000Z","Manchester Utd","West Ham","0","2","HOME","-100","false","[1.000]","1.000","Factors: [1.000] Combined: 1.000 → BET HOME (Top 25%)","2.19","1.69","Unknown"
"2025-05-17T16:00:00.000Z","Everton","Southampton","2","0","HOME","86","true","[1.000]","1.000","Factors: [1.000] Combined: 1.000 → BET HOME (Top 25%)","1.86","1.96","Unknown"
"2025-05-24T16:00:00.000Z","Bournemouth","Leicester","2","0","HOME","56","true","[1.000]","1.000","Factors: [1.000] Combined: 1.000 → BET HOME (Top 25%)","2.12","1.73","Unknown"
"2023-08-11T16:00:00.000Z","Everton","Fulham","0","1","HOME","-100","false","[0.000]","0.000","Factors: [0.000] Combined: 0.000 → BET HOME (Top 25%)","2","1.82","Unknown"
"2023-08-11T16:00:00.000Z","Bournemouth","West Ham","1","1","HOME","0","false","[0.000]","0.000","Factors: [0.000] Combined: 0.000 → BET HOME (Top 25%)","2","1.82","Unknown"
"2023-08-11T16:00:00.000Z","Sheff Utd","Crystal Palace","0","1","HOME","-100","false","[0.000]","0.000","Factors: [0.000] Combined: 0.000 → BET HOME (Top 25%)","1.98","1.84","Unknown"
"2023-08-11T16:00:00.000Z","Burnley","Manchester City","0","3","HOME","-100","false","[0.000]","0.000","Factors: [0.000] Combined: 0.000 → BET HOME (Top 25%)","1.73","2.12","Unknown"
"2023-08-12T16:00:00.000Z","Chelsea","Liverpool","1","1","HOME","47.5","true","[0.000]","0.000","Factors: [0.000] Combined: 0.000 → BET HOME (Top 25%)","1.95","1.87","Unknown"
"2023-08-12T16:00:00.000Z","Brentford","Tottenham","2","2","HOME","0","false","[0.000]","0.000","Factors: [0.000] Combined: 0.000 → BET HOME (Top 25%)","1.84","1.98","Unknown"
"2023-08-18T16:00:00.000Z","Wolves","Brighton","1","4","HOME","-100","false","[0.000]","0.000","Factors: [0.000] Combined: 0.000 → BET HOME (Top 25%)","1.82","2","Unknown"
"2023-08-18T16:00:00.000Z","Fulham","Brentford","0","3","HOME","-100","false","[0.000]","0.000","Factors: [0.000] Combined: 0.000 → BET HOME (Top 25%)","1.97","1.85","Unknown"
"2023-08-19T16:00:00.000Z","West Ham","Chelsea","3","1","HOME","100","true","[0.000]","0.000","Factors: [0.000] Combined: 0.000 → BET HOME (Top 25%)","2","1.82","Unknown"
"2023-08-19T16:00:00.000Z","Tottenham","Manchester Utd","2","0","HOME","91","true","[0.000]","0.000","Factors: [0.000] Combined: 0.000 → BET HOME (Top 25%)","1.91","1.91","Unknown"
"2023-08-19T16:00:00.000Z","Manchester City","Newcastle","1","0","HOME","51","true","[0.000]","0.000","Factors: [0.000] Combined: 0.000 → BET HOME (Top 25%)","2.02","1.81","Unknown"
"2023-08-21T16:00:00.000Z","Crystal Palace","Arsenal","0","1","HOME","-50","false","[0.000]","0.000","Factors: [0.000] Combined: 0.000 → BET HOME (Top 25%)","1.83","1.99","Unknown"
"2023-08-25T16:00:00.000Z","Everton","Wolves","0","1","HOME","-100","false","[0.000]","0.000","Factors: [0.000] Combined: 0.000 → BET HOME (Top 25%)","2.08","1.76","Unknown"
"2023-08-25T16:00:00.000Z","Arsenal","Fulham","2","2","HOME","-100","false","[0.000]","0.000","Factors: [0.000] Combined: 0.000 → BET HOME (Top 25%)","1.91","1.91","Unknown"
"2023-08-25T16:00:00.000Z","Bournemouth","Tottenham","0","2","HOME","-100","false","[0.000]","0.000","Factors: [0.000] Combined: 0.000 → BET HOME (Top 25%)","1.69","2.19","Unknown"
"2023-08-25T16:00:00.000Z","Brentford","Crystal Palace","1","1","HOME","-50","false","[0.000]","0.000","Factors: [0.000] Combined: 0.000 → BET HOME (Top 25%)","1.8","2.03","Unknown"
"2023-08-26T16:00:00.000Z","Newcastle","Liverpool","1","2","HOME","-100","false","[0.000]","0.000","Factors: [0.000] Combined: 0.000 → BET HOME (Top 25%)","1.95","1.87","Unknown"
"2023-08-26T16:00:00.000Z","Brighton","West Ham","1","3","HOME","-100","false","[0.000]","0.000","Factors: [0.000] Combined: 0.000 → BET HOME (Top 25%)","1.96","1.86","Unknown"
"2023-08-26T16:00:00.000Z","Burnley","Aston Villa","1","3","HOME","-100","false","[0.000]","0.000","Factors: [0.000] Combined: 0.000 → BET HOME (Top 25%)","1.93","1.87","Unknown"
"2023-08-26T16:00:00.000Z","Sheff Utd","Manchester City","1","2","HOME","106.99999999999997","true","[0.000]","0.000","Factors: [0.000] Combined: 0.000 → BET HOME (Top 25%)","2.07","1.77","Unknown"
"2023-09-01T16:00:00.000Z","Luton","West Ham","1","2","HOME","-50","false","[0.000]","0.000","Factors: [0.000] Combined: 0.000 → BET HOME (Top 25%)","1.95","1.87","Unknown"
"2023-09-01T16:00:00.000Z","Manchester City","Fulham","5","1","HOME","106.99999999999997","true","[0.000]","0.000","Factors: [0.000] Combined: 0.000 → BET HOME (Top 25%)","2.07","1.77","Unknown"
"2023-09-01T16:00:00.000Z","Chelsea","Nottingham Forest","0","1","HOME","-100","false","[0.000]","0.000","Factors: [0.000] Combined: 0.000 → BET HOME (Top 25%)","1.82","2","Unknown"
"2023-09-01T16:00:00.000Z","Burnley","Tottenham","2","5","HOME","-100","false","[0.000]","0.000","Factors: [0.000] Combined: 0.000 → BET HOME (Top 25%)","1.71","2.16","Unknown"
"2023-09-01T16:00:00.000Z","Sheff Utd","Everton","2","2","HOME","40.5","true","[0.000]","0.000","Factors: [0.000] Combined: 0.000 → BET HOME (Top 25%)","1.81","2.02","Unknown"
"2023-09-01T16:00:00.000Z","Brentford","Bournemouth","2","2","HOME","-100","false","[0.000]","0.000","Factors: [0.000] Combined: 0.000 → BET HOME (Top 25%)","1.84","1.98","Unknown"
"2023-09-02T16:00:00.000Z","Brighton","Newcastle","3","1","HOME","96","true","[0.000]","0.000","Factors: [0.000] Combined: 0.000 → BET HOME (Top 25%)","1.96","1.86","Unknown"
"2023-09-02T16:00:00.000Z","Arsenal","Manchester Utd","3","1","HOME","86","true","[0.000]","0.000","Factors: [0.000] Combined: 0.000 → BET HOME (Top 25%)","1.86","1.96","Unknown"
"2023-09-02T16:00:00.000Z","Liverpool","Aston Villa","3","0","HOME","92","true","[0.000]","0.000","Factors: [0.000] Combined: 0.000 → BET HOME (Top 25%)","1.92","1.9","Unknown"
"2023-09-15T16:00:00.000Z","Wolves","Liverpool","1","3","HOME","-100","false","[0.000]","0.000","Factors: [0.000] Combined: 0.000 → BET HOME (Top 25%)","2.04","1.79","Unknown"
"2023-09-15T16:00:00.000Z","West Ham","Manchester City","1","3","HOME","-100","false","[0.000]","0.000","Factors: [0.000] Combined: 0.000 → BET HOME (Top 25%)","1.85","1.97","Unknown"
"2023-09-15T16:00:00.000Z","Aston Villa","Crystal Palace","3","1","HOME","114","true","[0.000]","0.000","Factors: [0.000] Combined: 0.000 → BET HOME (Top 25%)","2.14","1.72","Unknown"
"2023-09-15T16:00:00.000Z","Tottenham","Sheff Utd","2","1","HOME","-100","false","[0.000]","0.000","Factors: [0.000] Combined: 0.000 → BET HOME (Top 25%)","1.9","1.92","Unknown"
"2023-09-16T16:00:00.000Z","Everton","Arsenal","0","1","HOME","0","false","[0.000]","0.000","Factors: [0.000] Combined: 0.000 → BET HOME (Top 25%)","1.98","1.84","Unknown"
"2023-09-16T16:00:00.000Z","Bournemouth","Chelsea","0","0","HOME","83","true","[0.000]","0.000","Factors: [0.000] Combined: 0.000 → BET HOME (Top 25%)","1.83","1.99","Unknown"
"2023-09-22T16:00:00.000Z","Manchester City","Nottingham Forest","2","0","HOME","-50","false","[0.000]","0.000","Factors: [0.000] Combined: 0.000 → BET HOME (Top 25%)","2.04","1.79","Unknown"
"2023-09-22T16:00:00.000Z","Crystal Palace","Fulham","0","0","HOME","-50","false","[0.000]","0.000","Factors: [0.000] Combined: 0.000 → BET HOME (Top 25%)","1.72","2.14","Unknown"
"2023-09-22T16:00:00.000Z","Luton","Wolves","1","1","HOME","43.5","true","[0.000]","0.000","Factors: [0.000] Combined: 0.000 → BET HOME (Top 25%)","1.87","1.95","Unknown"
"2023-09-23T16:00:00.000Z","Liverpool","West Ham","3","1","HOME","57","true","[0.000]","0.000","Factors: [0.000] Combined: 0.000 → BET HOME (Top 25%)","2.14","1.72","Unknown"
"2023-09-23T16:00:00.000Z","Brighton","Bournemouth","3","1","HOME","93","true","[0.000]","0.000","Factors: [0.000] Combined: 0.000 → BET HOME (Top 25%)","1.93","1.88","Unknown"
"2023-09-23T16:00:00.000Z","Arsenal","Tottenham","2","2","HOME","-100","false","[0.000]","0.000","Factors: [0.000] Combined: 0.000 → BET HOME (Top 25%)","1.96","1.86","Unknown"
"2023-09-23T16:00:00.000Z","Burnley","Manchester Utd","0","1","HOME","-50","false","[0.000]","0.000","Factors: [0.000] Combined: 0.000 → BET HOME (Top 25%)","1.85","1.97","Unknown"
"2023-09-23T16:00:00.000Z","Sheff Utd","Newcastle","0","8","HOME","-100","false","[0.000]","0.000","Factors: [0.000] Combined: 0.000 → BET HOME (Top 25%)","1.76","2.09","Unknown"
"2023-09-29T16:00:00.000Z","Wolves","Manchester City","2","1","HOME","100.99999999999997","true","[0.000]","0.000","Factors: [0.000] Combined: 0.000 → BET HOME (Top 25%)","2.01","1.81","Unknown"
"2023-09-29T16:00:00.000Z","Manchester Utd","Crystal Palace","0","1","HOME","-100","false","[0.000]","0.000","Factors: [0.000] Combined: 0.000 → BET HOME (Top 25%)","1.84","1.98","Unknown"
"2023-09-29T16:00:00.000Z","Aston Villa","Brighton","6","1","HOME","83","true","[0.000]","0.000","Factors: [0.000] Combined: 0.000 → BET HOME (Top 25%)","1.83","1.99","Unknown"
"2023-09-29T16:00:00.000Z","Bournemouth","Arsenal","0","4","HOME","-100","false","[0.000]","0.000","Factors: [0.000] Combined: 0.000 → BET HOME (Top 25%)","1.79","2.04","Unknown"
"2023-09-29T16:00:00.000Z","Newcastle","Burnley","2","0","HOME","73","true","[0.000]","0.000","Factors: [0.000] Combined: 0.000 → BET HOME (Top 25%)","1.73","2.12","Unknown"
"2023-09-29T16:00:00.000Z","West Ham","Sheff Utd","2","0","HOME","94","true","[0.000]","0.000","Factors: [0.000] Combined: 0.000 → BET HOME (Top 25%)","1.94","1.88","Unknown"
"2023-09-30T16:00:00.000Z","Nottingham Forest","Brentford","1","1","HOME","0","false","[0.000]","0.000","Factors: [0.000] Combined: 0.000 → BET HOME (Top 25%)","1.74","2.11","Unknown"
"2023-09-30T16:00:00.000Z","Tottenham","Liverpool","2","1","HOME","93","true","[0.000]","0.000","Factors: [0.000] Combined: 0.000 → BET HOME (Top 25%)","1.93","1.89","Unknown"
"2023-10-02T16:00:00.000Z","Fulham","Chelsea","0","2","HOME","-100","false","[0.000]","0.000","Factors: [0.000] Combined: 0.000 → BET HOME (Top 25%)","1.92","1.9","Unknown"
"2023-10-06T16:00:00.000Z","Manchester Utd","Brentford","2","1","HOME","0","false","[0.000]","0.000","Factors: [0.000] Combined: 0.000 → BET HOME (Top 25%)","1.95","1.87","Unknown"
"2023-10-06T16:00:00.000Z","Burnley","Chelsea","1","4","HOME","-100","false","[0.000]","0.000","Factors: [0.000] Combined: 0.000 → BET HOME (Top 25%)","2.07","1.77","Unknown"
"2023-10-06T16:00:00.000Z","Luton","Tottenham","0","1","HOME","53.5","true","[0.000]","0.000","Factors: [0.000] Combined: 0.000 → BET HOME (Top 25%)","2.07","1.77","Unknown"
"2023-10-07T16:00:00.000Z","Crystal Palace","Nottingham Forest","0","0","HOME","-50","false","[0.000]","0.000","Factors: [0.000] Combined: 0.000 → BET HOME (Top 25%)","1.86","1.96","Unknown"
"2023-10-07T16:00:00.000Z","Arsenal","Manchester City","1","0","HOME","80","true","[0.000]","0.000","Factors: [0.000] Combined: 0.000 → BET HOME (Top 25%)","1.8","2.03","Unknown"
"2023-10-07T16:00:00.000Z","Wolves","Aston Villa","1","1","HOME","53.5","true","[0.000]","0.000","Factors: [0.000] Combined: 0.000 → BET HOME (Top 25%)","2.07","1.77","Unknown"
"2023-10-07T16:00:00.000Z","West Ham","Newcastle","2","2","HOME","51","true","[0.000]","0.000","Factors: [0.000] Combined: 0.000 → BET HOME (Top 25%)","2.02","1.81","Unknown"
"2023-10-07T16:00:00.000Z","Brighton","Liverpool","2","2","HOME","69","true","[0.000]","0.000","Factors: [0.000] Combined: 0.000 → BET HOME (Top 25%)","1.69","2.19","Unknown"
"2023-10-20T16:00:00.000Z","Newcastle","Crystal Palace","4","0","HOME","98","true","[0.000]","0.000","Factors: [0.000] Combined: 0.000 → BET HOME (Top 25%)","1.98","1.84","Unknown"
"2023-10-20T16:00:00.000Z","Manchester City","Brighton","2","1","HOME","-100","false","[0.000]","0.000","Factors: [0.000] Combined: 0.000 → BET HOME (Top 25%)","2.12","1.73","Unknown"
"2023-10-20T16:00:00.000Z","Liverpool","Everton","2","0","HOME","61","true","[0.000]","0.000","Factors: [0.000] Combined: 0.000 → BET HOME (Top 25%)","2.22","1.67","Unknown"
"2023-10-20T16:00:00.000Z","Bournemouth","Wolves","1","2","HOME","-100","false","[0.000]","0.000","Factors: [0.000] Combined: 0.000 → BET HOME (Top 25%)","2","1.82","Unknown"
"2023-10-21T16:00:00.000Z","Chelsea","Arsenal","2","2","HOME","47","true","[0.000]","0.000","Factors: [0.000] Combined: 0.000 → BET HOME (Top 25%)","1.94","1.88","Unknown"
"2023-10-21T16:00:00.000Z","Aston Villa","West Ham","4","1","HOME","96","true","[0.000]","0.000","Factors: [0.000] Combined: 0.000 → BET HOME (Top 25%)","1.96","1.86","Unknown"
"2023-10-21T16:00:00.000Z","Sheff Utd","Manchester Utd","1","2","HOME","73","true","[0.000]","0.000","Factors: [0.000] Combined: 0.000 → BET HOME (Top 25%)","1.73","2.12","Unknown"
"2023-10-23T16:00:00.000Z","Tottenham","Fulham","2","0","HOME","97","true","[0.000]","0.000","Factors: [0.000] Combined: 0.000 → BET HOME (Top 25%)","1.97","1.85","Unknown"
"2023-10-27T16:00:00.000Z","Crystal Palace","Tottenham","1","2","HOME","-50","false","[0.000]","0.000","Factors: [0.000] Combined: 0.000 → BET HOME (Top 25%)","1.89","1.93","Unknown"
"2023-10-27T16:00:00.000Z","Chelsea","Brentford","0","2","HOME","-100","false","[0.000]","0.000","Factors: [0.000] Combined: 0.000 → BET HOME (Top 25%)","2","1.82","Unknown"
"2023-10-27T16:00:00.000Z","Arsenal","Sheff Utd","5","0","HOME","76","true","[0.000]","0.000","Factors: [0.000] Combined: 0.000 → BET HOME (Top 25%)","1.76","2.08","Unknown"
"2023-10-28T16:00:00.000Z","Wolves","Newcastle","2","2","HOME","78","true","[0.000]","0.000","Factors: [0.000] Combined: 0.000 → BET HOME (Top 25%)","1.78","2.05","Unknown"
"2024-12-20T16:00:00.000Z","Brentford","Nottingham Forest","0","2","AWAY","78","true","[0.000]","0.000","Factors: [0.000] Combined: 0.000 → BET AWAY (Bottom 25%)","2.05","1.78","Unknown"
"2024-12-20T16:00:00.000Z","Aston Villa","Manchester City","2","1","AWAY","-100","false","[0.000]","0.000","Factors: [0.000] Combined: 0.000 → BET AWAY (Bottom 25%)","1.96","1.86","Unknown"
"2024-12-21T16:00:00.000Z","Fulham","Southampton","0","0","AWAY","93","true","[0.000]","0.000","Factors: [0.000] Combined: 0.000 → BET AWAY (Bottom 25%)","1.89","1.93","Unknown"
"2024-12-21T16:00:00.000Z","Leicester","Wolves","0","3","AWAY","77","true","[0.000]","0.000","Factors: [0.000] Combined: 0.000 → BET AWAY (Bottom 25%)","2.07","1.77","Unknown"
"2024-12-21T16:00:00.000Z","Crystal Palace","Arsenal","1","5","AWAY","95","true","[0.000]","0.000","Factors: [0.000] Combined: 0.000 → BET AWAY (Bottom 25%)","1.87","1.95","Unknown"
"2024-12-21T16:00:00.000Z","Everton","Chelsea","0","0","AWAY","-100","false","[0.000]","0.000","Factors: [0.000] Combined: 0.000 → BET AWAY (Bottom 25%)","1.8","2.03","Unknown"
"2024-12-22T16:00:00.000Z","Tottenham","Liverpool","3","6","AWAY","93","true","[0.000]","0.000","Factors: [0.000] Combined: 0.000 → BET AWAY (Bottom 25%)","1.89","1.93","Unknown"
"2024-12-25T16:00:00.000Z","Southampton","West Ham","0","1","AWAY","95","true","[0.000]","0.000","Factors: [0.000] Combined: 0.000 → BET AWAY (Bottom 25%)","1.87","1.95","Unknown"
"2024-12-25T16:00:00.000Z","Nottingham Forest","Tottenham","1","0","AWAY","-100","false","[0.000]","0.000","Factors: [0.000] Combined: 0.000 → BET AWAY (Bottom 25%)","1.89","1.93","Unknown"
"2024-12-25T16:00:00.000Z","Chelsea","Fulham","1","2","AWAY","91","true","[0.000]","0.000","Factors: [0.000] Combined: 0.000 → BET AWAY (Bottom 25%)","1.91","1.91","Unknown"
"2024-12-25T16:00:00.000Z","Newcastle","Aston Villa","3","0","AWAY","-100","false","[0.000]","0.000","Factors: [0.000] Combined: 0.000 → BET AWAY (Bottom 25%)","2.09","1.75","Unknown"
"2024-12-25T16:00:00.000Z","Manchester City","Everton","1","1","AWAY","75","true","[0.000]","0.000","Factors: [0.000] Combined: 0.000 → BET AWAY (Bottom 25%)","2.09","1.75","Unknown"
"2024-12-25T16:00:00.000Z","Bournemouth","Crystal Palace","0","0","AWAY","49","true","[0.000]","0.000","Factors: [0.000] Combined: 0.000 → BET AWAY (Bottom 25%)","1.84","1.98","Unknown"
"2024-12-26T16:00:00.000Z","Liverpool","Leicester","3","1","AWAY","106.99999999999997","true","[0.000]","0.000","Factors: [0.000] Combined: 0.000 → BET AWAY (Bottom 25%)","1.77","2.07","Unknown"
"2024-12-26T16:00:00.000Z","Wolves","Manchester Utd","2","0","AWAY","-100","false","[0.000]","0.000","Factors: [0.000] Combined: 0.000 → BET AWAY (Bottom 25%)","1.86","1.96","Unknown"
"2024-12-27T16:00:00.000Z","Brighton","Brentford","0","0","AWAY","90","true","[0.000]","0.000","Factors: [0.000] Combined: 0.000 → BET AWAY (Bottom 25%)","1.92","1.9","Unknown"
"2024-12-27T16:00:00.000Z","Arsenal","Ipswich","1","0","AWAY","88","true","[0.000]","0.000","Factors: [0.000] Combined: 0.000 → BET AWAY (Bottom 25%)","1.94","1.88","Unknown"
"2024-12-28T16:00:00.000Z","Leicester","Manchester City","0","2","AWAY","41","true","[0.000]","0.000","Factors: [0.000] Combined: 0.000 → BET AWAY (Bottom 25%)","2","1.82","Unknown"
"2024-12-28T16:00:00.000Z","Everton","Nottingham Forest","0","2","AWAY","97","true","[0.000]","0.000","Factors: [0.000] Combined: 0.000 → BET AWAY (Bottom 25%)","1.85","1.97","Unknown"
"2024-12-28T16:00:00.000Z","Fulham","Bournemouth","2","2","AWAY","43.5","true","[0.000]","0.000","Factors: [0.000] Combined: 0.000 → BET AWAY (Bottom 25%)","1.95","1.87","Unknown"
"2024-12-29T16:00:00.000Z","West Ham","Liverpool","0","5","AWAY","73","true","[0.000]","0.000","Factors: [0.000] Combined: 0.000 → BET AWAY (Bottom 25%)","2.12","1.73","Unknown"
"2024-12-30T16:00:00.000Z","Manchester Utd","Newcastle","0","2","AWAY","82","true","[0.000]","0.000","Factors: [0.000] Combined: 0.000 → BET AWAY (Bottom 25%)","2","1.82","Unknown"
"2024-12-30T16:00:00.000Z","Ipswich","Chelsea","2","0","AWAY","-100","false","[0.000]","0.000","Factors: [0.000] Combined: 0.000 → BET AWAY (Bottom 25%)","2.09","1.75","Unknown"
"2024-12-30T16:00:00.000Z","Aston Villa","Brighton","2","2","AWAY","81","true","[0.000]","0.000","Factors: [0.000] Combined: 0.000 → BET AWAY (Bottom 25%)","2.02","1.81","Unknown"
"2025-01-04T16:00:00.000Z","Brighton","Arsenal","1","1","AWAY","-100","false","[0.000]","0.000","Factors: [0.000] Combined: 0.000 → BET AWAY (Bottom 25%)","1.84","1.98","Unknown"
"2025-01-04T16:00:00.000Z","Fulham","Ipswich","2","2","AWAY","96","true","[0.000]","0.000","Factors: [0.000] Combined: 0.000 → BET AWAY (Bottom 25%)","1.86","1.96","Unknown"
"2025-01-05T16:00:00.000Z","Liverpool","Manchester Utd","2","2","AWAY","72","true","[0.000]","0.000","Factors: [0.000] Combined: 0.000 → BET AWAY (Bottom 25%)","2.14","1.72","Unknown"
"2025-01-06T16:00:00.000Z","Wolves","Nottingham Forest","0","3","AWAY","67","true","[0.000]","0.000","Factors: [0.000] Combined: 0.000 → BET AWAY (Bottom 25%)","2.22","1.67","Unknown"
"2025-01-14T16:00:00.000Z","West Ham","Fulham","3","2","AWAY","-100","false","[0.000]","0.000","Factors: [0.000] Combined: 0.000 → BET AWAY (Bottom 25%)","1.79","2.04","Unknown"
"2025-01-14T16:00:00.000Z","Nottingham Forest","Liverpool","1","1","AWAY","-100","false","[0.000]","0.000","Factors: [0.000] Combined: 0.000 → BET AWAY (Bottom 25%)","2.12","1.73","Unknown"
"2025-01-14T16:00:00.000Z","Brentford","Manchester City","2","2","AWAY","-100","false","[0.000]","0.000","Factors: [0.000] Combined: 0.000 → BET AWAY (Bottom 25%)","1.92","1.9","Unknown"
"2025-01-14T16:00:00.000Z","Chelsea","Bournemouth","2","2","AWAY","78","true","[0.000]","0.000","Factors: [0.000] Combined: 0.000 → BET AWAY (Bottom 25%)","2.05","1.78","Unknown"
"2025-01-15T16:00:00.000Z","Arsenal","Tottenham","2","1","AWAY","48.5","true","[0.000]","0.000","Factors: [0.000] Combined: 0.000 → BET AWAY (Bottom 25%)","1.85","1.97","Unknown"
"2025-01-15T16:00:00.000Z","Everton","Aston Villa","0","1","AWAY","92","true","[0.000]","0.000","Factors: [0.000] Combined: 0.000 → BET AWAY (Bottom 25%)","1.9","1.92","Unknown"
"2025-01-15T16:00:00.000Z","Leicester","Crystal Palace","0","2","AWAY","119","true","[0.000]","0.000","Factors: [0.000] Combined: 0.000 → BET AWAY (Bottom 25%)","1.69","2.19","Unknown"
"2025-01-15T16:00:00.000Z","Newcastle","Wolves","3","0","AWAY","-100","false","[0.000]","0.000","Factors: [0.000] Combined: 0.000 → BET AWAY (Bottom 25%)","1.75","2.09","Unknown"
"2025-01-16T16:00:00.000Z","Ipswich","Brighton","0","2","AWAY","75","true","[0.000]","0.000","Factors: [0.000] Combined: 0.000 → BET AWAY (Bottom 25%)","2.09","1.75","Unknown"
"2025-01-17T16:00:00.000Z","West Ham","Crystal Palace","0","2","AWAY","87","true","[0.000]","0.000","Factors: [0.000] Combined: 0.000 → BET AWAY (Bottom 25%)","1.95","1.87","Unknown"
"2025-01-17T16:00:00.000Z","Brentford","Liverpool","0","2","AWAY","89","true","[0.000]","0.000","Factors: [0.000] Combined: 0.000 → BET AWAY (Bottom 25%)","1.93","1.89","Unknown"
"2025-01-17T16:00:00.000Z","Leicester","Fulham","0","2","AWAY","102.99999999999997","true","[0.000]","0.000","Factors: [0.000] Combined: 0.000 → BET AWAY (Bottom 25%)","1.8","2.03","Unknown"
"2025-01-17T16:00:00.000Z","Newcastle","Bournemouth","1","4","AWAY","114","true","[0.000]","0.000","Factors: [0.000] Combined: 0.000 → BET AWAY (Bottom 25%)","1.72","2.14","Unknown"
"2025-01-18T16:00:00.000Z","Arsenal","Aston Villa","2","2","AWAY","87","true","[0.000]","0.000","Factors: [0.000] Combined: 0.000 → BET AWAY (Bottom 25%)","1.95","1.87","Unknown"
"2025-01-18T16:00:00.000Z","Everton","Tottenham","3","2","AWAY","-100","false","[0.000]","0.000","Factors: [0.000] Combined: 0.000 → BET AWAY (Bottom 25%)","1.85","1.97","Unknown"
"2025-01-18T16:00:00.000Z","Manchester Utd","Brighton","1","3","AWAY","93","true","[0.000]","0.000","Factors: [0.000] Combined: 0.000 → BET AWAY (Bottom 25%)","1.89","1.93","Unknown"
"2025-01-18T16:00:00.000Z","Nottingham Forest","Southampton","3","2","AWAY","52.5","true","[0.000]","0.000","Factors: [0.000] Combined: 0.000 → BET AWAY (Bottom 25%)","1.78","2.05","Unknown"
"2025-01-19T16:00:00.000Z","Ipswich","Manchester City","0","6","AWAY","75","true","[0.000]","0.000","Factors: [0.000] Combined: 0.000 → BET AWAY (Bottom 25%)","2.09","1.75","Unknown"
"2025-01-20T16:00:00.000Z","Chelsea","Wolves","3","1","AWAY","-100","false","[0.000]","0.000","Factors: [0.000] Combined: 0.000 → BET AWAY (Bottom 25%)","1.81","2.02","Unknown"
"2025-01-24T16:00:00.000Z","Wolves","Arsenal","0","1","AWAY","0","false","[0.000]","0.000","Factors: [0.000] Combined: 0.000 → BET AWAY (Bottom 25%)","1.81","2.02","Unknown"
"2025-01-24T16:00:00.000Z","Bournemouth","Nottingham Forest","5","0","AWAY","-100","false","[0.000]","0.000","Factors: [0.000] Combined: 0.000 → BET AWAY (Bottom 25%)","1.74","2.11","Unknown"
"2025-01-24T16:00:00.000Z","Liverpool","Ipswich","4","1","AWAY","-50","false","[0.000]","0.000","Factors: [0.000] Combined: 0.000 → BET AWAY (Bottom 25%)","2.02","1.8","Unknown"
"2025-01-24T16:00:00.000Z","Southampton","Newcastle","1","3","AWAY","83","true","[0.000]","0.000","Factors: [0.000] Combined: 0.000 → BET AWAY (Bottom 25%)","1.99","1.83","Unknown"
"2025-01-24T16:00:00.000Z","Brighton","Everton","0","1","AWAY","91","true","[0.000]","0.000","Factors: [0.000] Combined: 0.000 → BET AWAY (Bottom 25%)","1.91","1.91","Unknown"
"2025-01-25T16:00:00.000Z","Manchester City","Chelsea","3","1","AWAY","-100","false","[0.000]","0.000","Factors: [0.000] Combined: 0.000 → BET AWAY (Bottom 25%)","1.99","1.83","Unknown"
"2025-01-26T16:00:00.000Z","Aston Villa","West Ham","1","1","AWAY","79","true","[0.000]","0.000","Factors: [0.000] Combined: 0.000 → BET AWAY (Bottom 25%)","2.04","1.79","Unknown"
"2025-01-26T16:00:00.000Z","Fulham","Manchester Utd","0","1","AWAY","82","true","[0.000]","0.000","Factors: [0.000] Combined: 0.000 → BET AWAY (Bottom 25%)","2","1.82","Unknown"
"2025-01-31T16:00:00.000Z","Nottingham Forest","Brighton","7","0","AWAY","-100","false","[0.000]","0.000","Factors: [0.000] Combined: 0.000 → BET AWAY (Bottom 25%)","1.87","1.95","Unknown"
"2025-01-31T16:00:00.000Z","Newcastle","Fulham","1","2","AWAY","100","true","[0.000]","0.000","Factors: [0.000] Combined: 0.000 → BET AWAY (Bottom 25%)","1.82","2","Unknown"
"2025-01-31T16:00:00.000Z","Bournemouth","Liverpool","0","2","AWAY","80","true","[0.000]","0.000","Factors: [0.000] Combined: 0.000 → BET AWAY (Bottom 25%)","2.03","1.8","Unknown"
"2025-02-01T16:00:00.000Z","Wolves","Aston Villa","2","0","AWAY","-100","false","[0.000]","0.000","Factors: [0.000] Combined: 0.000 → BET AWAY (Bottom 25%)","1.84","1.98","Unknown"
"2025-02-02T16:00:00.000Z","Arsenal","Manchester City","5","1","AWAY","-100","false","[0.000]","0.000","Factors: [0.000] Combined: 0.000 → BET AWAY (Bottom 25%)","1.7","2.17","Unknown"
"2025-02-03T16:00:00.000Z","Chelsea","West Ham","2","1","AWAY","93","true","[0.000]","0.000","Factors: [0.000] Combined: 0.000 → BET AWAY (Bottom 25%)","1.88","1.93","Unknown"
"2025-02-12T16:00:00.000Z","Everton","Liverpool","2","2","AWAY","-100","false","[0.000]","0.000","Factors: [0.000] Combined: 0.000 → BET AWAY (Bottom 25%)","1.88","1.94","Unknown"
"2025-02-14T16:00:00.000Z","Brighton","Chelsea","3","0","AWAY","-100","false","[0.000]","0.000","Factors: [0.000] Combined: 0.000 → BET AWAY (Bottom 25%)","1.85","1.97","Unknown"
"2025-02-14T16:00:00.000Z","Aston Villa","Ipswich","1","1","AWAY","95","true","[0.000]","0.000","Factors: [0.000] Combined: 0.000 → BET AWAY (Bottom 25%)","1.87","1.95","Unknown"
"2025-02-14T16:00:00.000Z","Fulham","Nottingham Forest","2","1","AWAY","-100","false","[0.000]","0.000","Factors: [0.000] Combined: 0.000 → BET AWAY (Bottom 25%)","1.92","1.9","Unknown"
"2025-02-14T16:00:00.000Z","Southampton","Bournemouth","1","3","AWAY","100","true","[0.000]","0.000","Factors: [0.000] Combined: 0.000 → BET AWAY (Bottom 25%)","1.82","2","Unknown"
"2025-02-14T16:00:00.000Z","Leicester","Arsenal","0","2","AWAY","57","true","[0.000]","0.000","Factors: [0.000] Combined: 0.000 → BET AWAY (Bottom 25%)","1.72","2.14","Unknown"
"2025-02-14T16:00:00.000Z","West Ham","Brentford","0","1","AWAY","77","true","[0.000]","0.000","Factors: [0.000] Combined: 0.000 → BET AWAY (Bottom 25%)","2.07","1.77","Unknown"
"2025-02-14T16:00:00.000Z","Manchester City","Newcastle","4","0","AWAY","-100","false","[0.000]","0.000","Factors: [0.000] Combined: 0.000 → BET AWAY (Bottom 25%)","2.22","1.67","Unknown"
"2025-02-15T16:00:00.000Z","Liverpool","Wolves","2","1","AWAY","104.99999999999997","true","[0.000]","0.000","Factors: [0.000] Combined: 0.000 → BET AWAY (Bottom 25%)","1.78","2.05","Unknown"
"2025-02-19T16:00:00.000Z","Aston Villa","Liverpool","2","2","AWAY","-100","false","[0.000]","0.000","Factors: [0.000] Combined: 0.000 → BET AWAY (Bottom 25%)","1.8","2.03","Unknown"
"2025-02-21T16:00:00.000Z","Leicester","Brentford","0","4","AWAY","72","true","[0.000]","0.000","Factors: [0.000] Combined: 0.000 → BET AWAY (Bottom 25%)","2.14","1.72","Unknown"
"2025-02-21T16:00:00.000Z","Arsenal","West Ham","0","1","AWAY","80","true","[0.000]","0.000","Factors: [0.000] Combined: 0.000 → BET AWAY (Bottom 25%)","2.03","1.8","Unknown"
"2025-02-21T16:00:00.000Z","Southampton","Brighton","0","4","AWAY","82","true","[0.000]","0.000","Factors: [0.000] Combined: 0.000 → BET AWAY (Bottom 25%)","2","1.82","Unknown"
"2025-02-21T16:00:00.000Z","Fulham","Crystal Palace","0","2","AWAY","106.99999999999997","true","[0.000]","0.000","Factors: [0.000] Combined: 0.000 → BET AWAY (Bottom 25%)","1.77","2.07","Unknown"
"2025-02-21T16:00:00.000Z","Everton","Manchester Utd","2","2","AWAY","0","false","[0.000]","0.000","Factors: [0.000] Combined: 0.000 → BET AWAY (Bottom 25%)","1.83","1.99","Unknown"
"2025-02-21T16:00:00.000Z","Bournemouth","Wolves","0","1","AWAY","112","true","[0.000]","0.000","Factors: [0.000] Combined: 0.000 → BET AWAY (Bottom 25%)","1.73","2.12","Unknown"
"2025-02-21T16:00:00.000Z","Ipswich","Tottenham","1","4","AWAY","123","true","[0.000]","0.000","Factors: [0.000] Combined: 0.000 → BET AWAY (Bottom 25%)","1.67","2.23","Unknown"
"2025-02-22T16:00:00.000Z","Newcastle","Nottingham Forest","4","3","AWAY","-50","false","[0.000]","0.000","Factors: [0.000] Combined: 0.000 → BET AWAY (Bottom 25%)","2.08","1.76","Unknown"
"2025-02-22T16:00:00.000Z","Aston Villa","Chelsea","2","1","AWAY","-100","false","[0.000]","0.000","Factors: [0.000] Combined: 0.000 → BET AWAY (Bottom 25%)","1.83","1.99","Unknown"
"2025-02-23T16:00:00.000Z","Manchester City","Liverpool","0","2","AWAY","86","true","[0.000]","0.000","Factors: [0.000] Combined: 0.000 → BET AWAY (Bottom 25%)","1.96","1.86","Unknown"
"2025-02-25T16:00:00.000Z","Brighton","Bournemouth","2","1","AWAY","-50","false","[0.000]","0.000","Factors: [0.000] Combined: 0.000 → BET AWAY (Bottom 25%)","2.12","1.71","Unknown"
"2025-02-25T16:00:00.000Z","Chelsea","Southampton","4","0","AWAY","-100","false","[0.000]","0.000","Factors: [0.000] Combined: 0.000 → BET AWAY (Bottom 25%)","1.82","2","Unknown"
"2025-02-25T16:00:00.000Z","Wolves","Fulham","1","2","AWAY","81","true","[0.000]","0.000","Factors: [0.000] Combined: 0.000 → BET AWAY (Bottom 25%)","2.02","1.81","Unknown"
"2025-02-25T16:00:00.000Z","Crystal Palace","Aston Villa","4","1","AWAY","-100","false","[0.000]","0.000","Factors: [0.000] Combined: 0.000 → BET AWAY (Bottom 25%)","1.96","1.86","Unknown"
"2025-02-26T16:00:00.000Z","Liverpool","Newcastle","2","0","AWAY","-100","false","[0.000]","0.000","Factors: [0.000] Combined: 0.000 → BET AWAY (Bottom 25%)","1.72","2.14","Unknown"
"2025-02-26T16:00:00.000Z","Nottingham Forest","Arsenal","0","0","AWAY","-50","false","[0.000]","0.000","Factors: [0.000] Combined: 0.000 → BET AWAY (Bottom 25%)","2.2","1.68","Unknown"
"2025-02-26T16:00:00.000Z","Tottenham","Manchester City","0","1","AWAY","49.5","true","[0.000]","0.000","Factors: [0.000] Combined: 0.000 → BET AWAY (Bottom 25%)","1.83","1.99","Unknown"
"2025-03-07T16:00:00.000Z","Nottingham Forest","Manchester City","1","0","AWAY","-100","false","[0.000]","0.000","Factors: [0.000] Combined: 0.000 → BET AWAY (Bottom 25%)","1.73","2.12","Unknown"
"2025-03-07T16:00:00.000Z","Liverpool","Southampton","3","1","AWAY","84","true","[0.000]","0.000","Factors: [0.000] Combined: 0.000 → BET AWAY (Bottom 25%)","1.98","1.84","Unknown"
"2025-03-07T16:00:00.000Z","Brighton","Fulham","2","1","AWAY","-50","false","[0.000]","0.000","Factors: [0.000] Combined: 0.000 → BET AWAY (Bottom 25%)","2.22","1.67","Unknown"
"2025-03-08T16:00:00.000Z","Wolves","Everton","1","1","AWAY","0","false","[0.000]","0.000","Factors: [0.000] Combined: 0.000 → BET AWAY (Bottom 25%)","1.98","1.84","Unknown"
"2025-03-08T16:00:00.000Z","Brentford","Aston Villa","0","1","AWAY","90","true","[0.000]","0.000","Factors: [0.000] Combined: 0.000 → BET AWAY (Bottom 25%)","1.92","1.9","Unknown"
"2025-03-08T16:00:00.000Z","Tottenham","Bournemouth","2","2","AWAY","0","false","[0.000]","0.000","Factors: [0.000] Combined: 0.000 → BET AWAY (Bottom 25%)","2.04","1.79","Unknown"
"2025-03-08T16:00:00.000Z","Chelsea","Leicester","1","0","AWAY","104","true","[0.000]","0.000","Factors: [0.000] Combined: 0.000 → BET AWAY (Bottom 25%)","1.79","2.04","Unknown"
"2025-03-09T16:00:00.000Z","Manchester Utd","Arsenal","1","1","AWAY","-100","false","[0.000]","0.000","Factors: [0.000] Combined: 0.000 → BET AWAY (Bottom 25%)","1.93","1.89","Unknown"
"2025-03-10T16:00:00.000Z","West Ham","Newcastle","0","1","AWAY","91","true","[0.000]","0.000","Factors: [0.000] Combined: 0.000 → BET AWAY (Bottom 25%)","1.91","1.91","Unknown"
"2025-03-14T16:00:00.000Z","Southampton","Wolves","1","2","AWAY","70","true","[0.000]","0.000","Factors: [0.000] Combined: 0.000 → BET AWAY (Bottom 25%)","2.17","1.7","Unknown"
"2025-03-14T16:00:00.000Z","Ipswich","Nottingham Forest","2","4","AWAY","116","true","[0.000]","0.000","Factors: [0.000] Combined: 0.000 → BET AWAY (Bottom 25%)","1.71","2.16","Unknown"
"2025-03-14T16:00:00.000Z","Manchester City","Brighton","2","2","AWAY","87","true","[0.000]","0.000","Factors: [0.000] Combined: 0.000 → BET AWAY (Bottom 25%)","1.95","1.87","Unknown"
"2025-03-15T16:00:00.000Z","Bournemouth","Brentford","1","2","AWAY","89","true","[0.000]","0.000","Factors: [0.000] Combined: 0.000 → BET AWAY (Bottom 25%)","1.93","1.89","Unknown"
"2025-03-15T16:00:00.000Z","Arsenal","Chelsea","1","0","AWAY","-50","false","[0.000]","0.000","Factors: [0.000] Combined: 0.000 → BET AWAY (Bottom 25%)","1.87","1.95","Unknown"
"2025-03-15T16:00:00.000Z","Fulham","Tottenham","2","0","AWAY","-100","false","[0.000]","0.000","Factors: [0.000] Combined: 0.000 → BET AWAY (Bottom 25%)","2.08","1.76","Unknown"
"2025-03-16T16:00:00.000Z","Leicester","Manchester Utd","0","3","AWAY","99","true","[0.000]","0.000","Factors: [0.000] Combined: 0.000 → BET AWAY (Bottom 25%)","1.83","1.99","Unknown"
"2025-04-01T16:00:00.000Z","Arsenal","Fulham","2","1","AWAY","38","true","[0.000]","0.000","Factors: [0.000] Combined: 0.000 → BET AWAY (Bottom 25%)","2.08","1.76","Unknown"
"2025-04-01T16:00:00.000Z","Nottingham Forest","Manchester Utd","1","0","AWAY","-100","false","[0.000]","0.000","Factors: [0.000] Combined: 0.000 → BET AWAY (Bottom 25%)","2","1.82","Unknown"
"2025-04-01T16:00:00.000Z","Wolves","West Ham","1","0","AWAY","-100","false","[0.000]","0.000","Factors: [0.000] Combined: 0.000 → BET AWAY (Bottom 25%)","2.02","1.81","Unknown"
"2025-04-02T16:00:00.000Z","Newcastle","Brentford","2","1","AWAY","-50","false","[0.000]","0.000","Factors: [0.000] Combined: 0.000 → BET AWAY (Bottom 25%)","1.77","2.07","Unknown"
"2025-04-02T16:00:00.000Z","Brighton","Aston Villa","0","3","AWAY","82","true","[0.000]","0.000","Factors: [0.000] Combined: 0.000 → BET AWAY (Bottom 25%)","2","1.82","Unknown"
"2025-04-02T16:00:00.000Z","Bournemouth","Ipswich","1","2","AWAY","102","true","[0.000]","0.000","Factors: [0.000] Combined: 0.000 → BET AWAY (Bottom 25%)","1.81","2.02","Unknown"
"2025-04-02T16:00:00.000Z","Liverpool","Everton","1","0","AWAY","39","true","[0.000]","0.000","Factors: [0.000] Combined: 0.000 → BET AWAY (Bottom 25%)","2.06","1.78","Unknown"
"2025-04-02T16:00:00.000Z","Manchester City","Leicester","2","0","AWAY","0","false","[0.000]","0.000","Factors: [0.000] Combined: 0.000 → BET AWAY (Bottom 25%)","1.86","1.96","Unknown"
"2025-04-02T16:00:00.000Z","Southampton","Crystal Palace","1","1","AWAY","-100","false","[0.000]","0.000","Factors: [0.000] Combined: 0.000 → BET AWAY (Bottom 25%)","1.81","2.02","Unknown"
"2025-04-03T16:00:00.000Z","Chelsea","Tottenham","1","0","AWAY","-50","false","[0.000]","0.000","Factors: [0.000] Combined: 0.000 → BET AWAY (Bottom 25%)","1.75","2.09","Unknown"
"2025-04-04T16:00:00.000Z","Ipswich","Wolves","1","2","AWAY","78","true","[0.000]","0.000","Factors: [0.000] Combined: 0.000 → BET AWAY (Bottom 25%)","2.05","1.78","Unknown"
"2025-04-04T16:00:00.000Z","Crystal Palace","Brighton","2","1","AWAY","-100","false","[0.000]","0.000","Factors: [0.000] Combined: 0.000 → BET AWAY (Bottom 25%)","1.78","2.05","Unknown"
"2025-04-04T16:00:00.000Z","Everton","Arsenal","1","1","AWAY","-100","false","[0.000]","0.000","Factors: [0.000] Combined: 0.000 → BET AWAY (Bottom 25%)","1.64","2.28","Unknown"
"2025-04-04T16:00:00.000Z","West Ham","Bournemouth","2","2","AWAY","-50","false","[0.000]","0.000","Factors: [0.000] Combined: 0.000 → BET AWAY (Bottom 25%)","1.81","2.02","Unknown"
"2025-04-05T16:00:00.000Z","Aston Villa","Nottingham Forest","2","1","AWAY","-100","false","[0.000]","0.000","Factors: [0.000] Combined: 0.000 → BET AWAY (Bottom 25%)","1.78","2.05","Unknown"
"2025-04-05T16:00:00.000Z","Fulham","Liverpool","3","2","AWAY","-100","false","[0.000]","0.000","Factors: [0.000] Combined: 0.000 → BET AWAY (Bottom 25%)","1.74","2.11","Unknown"
"2025-04-05T16:00:00.000Z","Manchester Utd","Manchester City","0","0","AWAY","-50","false","[0.000]","0.000","Factors: [0.000] Combined: 0.000 → BET AWAY (Bottom 25%)","2.09","1.75","Unknown"
"2025-04-05T16:00:00.000Z","Brentford","Chelsea","0","0","AWAY","-50","false","[0.000]","0.000","Factors: [0.000] Combined: 0.000 → BET AWAY (Bottom 25%)","1.79","2.04","Unknown"
"2025-04-07T16:00:00.000Z","Leicester","Newcastle","0","3","AWAY","94","true","[0.000]","0.000","Factors: [0.000] Combined: 0.000 → BET AWAY (Bottom 25%)","1.88","1.94","Unknown"
"2025-04-11T16:00:00.000Z","Brighton","Leicester","2","2","AWAY","85","true","[0.000]","0.000","Factors: [0.000] Combined: 0.000 → BET AWAY (Bottom 25%)","1.97","1.85","Unknown"
"2025-04-11T16:00:00.000Z","Nottingham Forest","Everton","0","1","AWAY","68","true","[0.000]","0.000","Factors: [0.000] Combined: 0.000 → BET AWAY (Bottom 25%)","2.21","1.68","Unknown"
"2025-04-11T16:00:00.000Z","Manchester City","Crystal Palace","5","2","AWAY","-100","false","[0.000]","0.000","Factors: [0.000] Combined: 0.000 → BET AWAY (Bottom 25%)","1.75","2.09","Unknown"
"2025-04-11T16:00:00.000Z","Southampton","Aston Villa","0","3","AWAY","75","true","[0.000]","0.000","Factors: [0.000] Combined: 0.000 → BET AWAY (Bottom 25%)","2.09","1.75","Unknown"
"2025-04-12T16:00:00.000Z","Arsenal","Brentford","1","1","AWAY","112","true","[0.000]","0.000","Factors: [0.000] Combined: 0.000 → BET AWAY (Bottom 25%)","1.73","2.12","Unknown"
"2025-04-12T16:00:00.000Z","Liverpool","West Ham","2","1","AWAY","85","true","[0.000]","0.000","Factors: [0.000] Combined: 0.000 → BET AWAY (Bottom 25%)","1.97","1.85","Unknown"
"2025-04-12T16:00:00.000Z","Wolves","Tottenham","4","2","AWAY","-100","false","[0.000]","0.000","Factors: [0.000] Combined: 0.000 → BET AWAY (Bottom 25%)","1.98","1.84","Unknown"
"2025-04-12T16:00:00.000Z","Newcastle","Manchester Utd","4","1","AWAY","-100","false","[0.000]","0.000","Factors: [0.000] Combined: 0.000 → BET AWAY (Bottom 25%)","1.93","1.89","Unknown"
"2025-04-12T16:00:00.000Z","Chelsea","Ipswich","2","2","AWAY","111","true","[0.000]","0.000","Factors: [0.000] Combined: 0.000 → BET AWAY (Bottom 25%)","1.74","2.11","Unknown"
"2025-04-14T16:00:00.000Z","Bournemouth","Fulham","1","0","AWAY","-100","false","[0.000]","0.000","Factors: [0.000] Combined: 0.000 → BET AWAY (Bottom 25%)","1.86","1.96","Unknown"
"2025-04-16T16:00:00.000Z","Newcastle","Crystal Palace","5","0","AWAY","-100","false","[0.000]","0.000","Factors: [0.000] Combined: 0.000 → BET AWAY (Bottom 25%)","1.77","2.07","Unknown"
"2025-04-18T16:00:00.000Z","Everton","Manchester City","0","2","AWAY","104.99999999999997","true","[0.000]","0.000","Factors: [0.000] Combined: 0.000 → BET AWAY (Bottom 25%)","1.78","2.05","Unknown"
"2025-04-18T16:00:00.000Z","Crystal Palace","Bournemouth","0","0","AWAY","0","false","[0.000]","0.000","Factors: [0.000] Combined: 0.000 → BET AWAY (Bottom 25%)","1.88","1.94","Unknown"
"2025-04-18T16:00:00.000Z","Brentford","Brighton","4","2","AWAY","-100","false","[0.000]","0.000","Factors: [0.000] Combined: 0.000 → BET AWAY (Bottom 25%)","1.88","1.94","Unknown"
"2025-04-19T16:00:00.000Z","Aston Villa","Newcastle","4","1","AWAY","-100","false","[0.000]","0.000","Factors: [0.000] Combined: 0.000 → BET AWAY (Bottom 25%)","1.9","1.92","Unknown"
"2025-04-19T16:00:00.000Z","Ipswich","Arsenal","0","4","AWAY","124.00000000000003","true","[0.000]","0.000","Factors: [0.000] Combined: 0.000 → BET AWAY (Bottom 25%)","1.66","2.24","Unknown"
"2025-04-19T16:00:00.000Z","Leicester","Liverpool","0","1","AWAY","-100","false","[0.000]","0.000","Factors: [0.000] Combined: 0.000 → BET AWAY (Bottom 25%)","2.11","1.74","Unknown"
"2025-04-19T16:00:00.000Z","Fulham","Chelsea","1","2","AWAY","97","true","[0.000]","0.000","Factors: [0.000] Combined: 0.000 → BET AWAY (Bottom 25%)","1.85","1.97","Unknown"
"2025-04-19T16:00:00.000Z","Manchester Utd","Wolves","0","1","AWAY","104.99999999999997","true","[0.000]","0.000","Factors: [0.000] Combined: 0.000 → BET AWAY (Bottom 25%)","1.78","2.05","Unknown"
"2025-04-21T16:00:00.000Z","Tottenham","Nottingham Forest","1","2","AWAY","78","true","[0.000]","0.000","Factors: [0.000] Combined: 0.000 → BET AWAY (Bottom 25%)","2.05","1.78","Unknown"
"2025-04-22T16:00:00.000Z","Manchester City","Aston Villa","2","1","AWAY","-50","false","[0.000]","0.000","Factors: [0.000] Combined: 0.000 → BET AWAY (Bottom 25%)","2.09","1.75","Unknown"
"2025-04-23T16:00:00.000Z","Arsenal","Crystal Palace","2","2","AWAY","100","true","[0.000]","0.000","Factors: [0.000] Combined: 0.000 → BET AWAY (Bottom 25%)","1.82","2","Unknown"
"2025-04-25T16:00:00.000Z","Newcastle","Ipswich","3","0","AWAY","-100","false","[0.000]","0.000","Factors: [0.000] Combined: 0.000 → BET AWAY (Bottom 25%)","2.05","1.78","Unknown"
"2025-04-25T16:00:00.000Z","Southampton","Fulham","1","2","AWAY","43.5","true","[0.000]","0.000","Factors: [0.000] Combined: 0.000 → BET AWAY (Bottom 25%)","1.95","1.87","Unknown"
"2025-04-25T16:00:00.000Z","Brighton","West Ham","3","2","AWAY","-50","false","[0.000]","0.000","Factors: [0.000] Combined: 0.000 → BET AWAY (Bottom 25%)","1.97","1.85","Unknown"
"2025-04-25T16:00:00.000Z","Chelsea","Everton","1","0","AWAY","42.5","true","[0.000]","0.000","Factors: [0.000] Combined: 0.000 → BET AWAY (Bottom 25%)","1.97","1.85","Unknown"
"2025-04-26T16:00:00.000Z","Liverpool","Tottenham","5","1","AWAY","-100","false","[0.000]","0.000","Factors: [0.000] Combined: 0.000 → BET AWAY (Bottom 25%)","1.83","1.99","Unknown"
"2025-04-26T16:00:00.000Z","Bournemouth","Manchester Utd","1","1","AWAY","71","true","[0.000]","0.000","Factors: [0.000] Combined: 0.000 → BET AWAY (Bottom 25%)","2.16","1.71","Unknown"
"2025-05-01T16:00:00.000Z","Nottingham Forest","Brentford","0","2","AWAY","82","true","[0.000]","0.000","Factors: [0.000] Combined: 0.000 → BET AWAY (Bottom 25%)","2","1.82","Unknown"
"2025-05-02T16:00:00.000Z","Manchester City","Wolves","1","0","AWAY","59.5","true","[0.000]","0.000","Factors: [0.000] Combined: 0.000 → BET AWAY (Bottom 25%)","1.69","2.19","Unknown"
"2025-05-02T16:00:00.000Z","Aston Villa","Fulham","1","0","AWAY","-50","false","[0.000]","0.000","Factors: [0.000] Combined: 0.000 → BET AWAY (Bottom 25%)","2","1.82","Unknown"
"2025-05-02T16:00:00.000Z","Leicester","Southampton","2","0","AWAY","-100","false","[0.000]","0.000","Factors: [0.000] Combined: 0.000 → BET AWAY (Bottom 25%)","2.02","1.81","Unknown"
"2025-05-03T16:00:00.000Z","Arsenal","Bournemouth","1","2","AWAY","106.99999999999997","true","[0.000]","0.000","Factors: [0.000] Combined: 0.000 → BET AWAY (Bottom 25%)","1.77","2.07","Unknown"
"2025-05-03T16:00:00.000Z","Brighton","Newcastle","1","1","AWAY","-50","false","[0.000]","0.000","Factors: [0.000] Combined: 0.000 → BET AWAY (Bottom 25%)","1.91","1.91","Unknown"
"2025-05-03T16:00:00.000Z","Chelsea","Liverpool","3","1","AWAY","-100","false","[0.000]","0.000","Factors: [0.000] Combined: 0.000 → BET AWAY (Bottom 25%)","1.92","1.9","Unknown"
"2025-05-05T16:00:00.000Z","Crystal Palace","Nottingham Forest","1","1","AWAY","46.5","true","[0.000]","0.000","Factors: [0.000] Combined: 0.000 → BET AWAY (Bottom 25%)","1.89","1.93","Unknown"
"2025-05-09T16:00:00.000Z","Ipswich","Brentford","0","1","AWAY","0","false","[0.000]","0.000","Factors: [0.000] Combined: 0.000 → BET AWAY (Bottom 25%)","2.07","1.77","Unknown"
"2025-05-09T16:00:00.000Z","Southampton","Manchester City","0","0","AWAY","-100","false","[0.000]","0.000","Factors: [0.000] Combined: 0.000 → BET AWAY (Bottom 25%)","1.92","1.9","Unknown"
"2025-05-09T16:00:00.000Z","Wolves","Brighton","0","2","AWAY","75","true","[0.000]","0.000","Factors: [0.000] Combined: 0.000 → BET AWAY (Bottom 25%)","2.1","1.75","Unknown"
"2025-05-09T16:00:00.000Z","Fulham","Everton","1","3","AWAY","82","true","[0.000]","0.000","Factors: [0.000] Combined: 0.000 → BET AWAY (Bottom 25%)","2","1.82","Unknown"
"2025-05-10T16:00:00.000Z","Liverpool","Arsenal","2","2","AWAY","47","true","[0.000]","0.000","Factors: [0.000] Combined: 0.000 → BET AWAY (Bottom 25%)","1.88","1.94","Unknown"
"2025-05-10T16:00:00.000Z","Nottingham Forest","Leicester","2","2","AWAY","104","true","[0.000]","0.000","Factors: [0.000] Combined: 0.000 → BET AWAY (Bottom 25%)","1.79","2.04","Unknown"
"2025-05-10T16:00:00.000Z","Bournemouth","Aston Villa","0","1","AWAY","96","true","[0.000]","0.000","Factors: [0.000] Combined: 0.000 → BET AWAY (Bottom 25%)","1.86","1.96","Unknown"
"2025-05-10T16:00:00.000Z","Newcastle","Chelsea","2","0","AWAY","-100","false","[0.000]","0.000","Factors: [0.000] Combined: 0.000 → BET AWAY (Bottom 25%)","1.94","1.88","Unknown"
"2025-05-10T16:00:00.000Z","Tottenham","Crystal Palace","0","2","AWAY","97","true","[0.000]","0.000","Factors: [0.000] Combined: 0.000 → BET AWAY (Bottom 25%)","1.85","1.97","Unknown"
"2025-05-16T16:00:00.000Z","Chelsea","Manchester Utd","1","0","AWAY","0","false","[0.000]","0.000","Factors: [0.000] Combined: 0.000 → BET AWAY (Bottom 25%)","1.91","1.91","Unknown"
"2025-05-16T16:00:00.000Z","Aston Villa","Tottenham","2","0","AWAY","-50","false","[0.000]","0.000","Factors: [0.000] Combined: 0.000 → BET AWAY (Bottom 25%)","1.84","1.98","Unknown"
"2025-05-17T16:00:00.000Z","Brentford","Fulham","2","3","AWAY","111","true","[0.000]","0.000","Factors: [0.000] Combined: 0.000 → BET AWAY (Bottom 25%)","1.74","2.11","Unknown"
"2025-05-17T16:00:00.000Z","Leicester","Ipswich","2","0","AWAY","-100","false","[0.000]","0.000","Factors: [0.000] Combined: 0.000 → BET AWAY (Bottom 25%)","1.9","1.92","Unknown"
"2025-05-17T16:00:00.000Z","West Ham","Nottingham Forest","1","2","AWAY","104.99999999999997","true","[0.000]","0.000","Factors: [0.000] Combined: 0.000 → BET AWAY (Bottom 25%)","1.78","2.05","Unknown"
"2025-05-17T16:00:00.000Z","Arsenal","Newcastle","1","0","AWAY","-50","false","[0.000]","0.000","Factors: [0.000] Combined: 0.000 → BET AWAY (Bottom 25%)","2.09","1.75","Unknown"
"2025-05-19T16:00:00.000Z","Brighton","Liverpool","3","2","AWAY","-100","false","[0.000]","0.000","Factors: [0.000] Combined: 0.000 → BET AWAY (Bottom 25%)","1.89","1.93","Unknown"
"2025-05-20T16:00:00.000Z","Crystal Palace","Wolves","4","2","AWAY","-100","false","[0.000]","0.000","Factors: [0.000] Combined: 0.000 → BET AWAY (Bottom 25%)","2.01","1.82","Unknown"
"2025-05-20T16:00:00.000Z","Manchester City","Bournemouth","3","1","AWAY","-50","false","[0.000]","0.000","Factors: [0.000] Combined: 0.000 → BET AWAY (Bottom 25%)","2.14","1.72","Unknown"
"2025-05-24T16:00:00.000Z","Liverpool","Crystal Palace","1","1","AWAY","73","true","[0.000]","0.000","Factors: [0.000] Combined: 0.000 → BET AWAY (Bottom 25%)","2.12","1.73","Unknown"
"2025-05-24T16:00:00.000Z","Fulham","Manchester City","0","2","AWAY","84","true","[0.000]","0.000","Factors: [0.000] Combined: 0.000 → BET AWAY (Bottom 25%)","1.98","1.84","Unknown"
"2025-05-24T16:00:00.000Z","Manchester Utd","Aston Villa","2","0","AWAY","-100","false","[0.000]","0.000","Factors: [0.000] Combined: 0.000 → BET AWAY (Bottom 25%)","1.98","1.84","Unknown"
"2025-05-24T16:00:00.000Z","Ipswich","West Ham","1","3","AWAY","91","true","[0.000]","0.000","Factors: [0.000] Combined: 0.000 → BET AWAY (Bottom 25%)","1.91","1.91","Unknown"
"2025-05-24T16:00:00.000Z","Nottingham Forest","Chelsea","0","1","AWAY","84","true","[0.000]","0.000","Factors: [0.000] Combined: 0.000 → BET AWAY (Bottom 25%)","1.98","1.84","Unknown"
"2025-05-24T16:00:00.000Z","Newcastle","Everton","0","1","AWAY","89","true","[0.000]","0.000","Factors: [0.000] Combined: 0.000 → BET AWAY (Bottom 25%)","1.93","1.89","Unknown"
"2025-05-24T16:00:00.000Z","Tottenham","Brighton","1","4","AWAY","114","true","[0.000]","0.000","Factors: [0.000] Combined: 0.000 → BET AWAY (Bottom 25%)","1.72","2.14","Unknown"
"2025-05-24T16:00:00.000Z","Southampton","Arsenal","1","2","AWAY","-100","false","[0.000]","0.000","Factors: [0.000] Combined: 0.000 → BET AWAY (Bottom 25%)","1.93","1.89","Unknown"
"2025-05-24T16:00:00.000Z","Wolves","Brentford","1","1","AWAY","-50","false","[0.000]","0.000","Factors: [0.000] Combined: 0.000 → BET AWAY (Bottom 25%)","1.82","2","Unknown"
