Date,HomeTeam,AwayTeam,Score,HandicapLine,BetSide,BetOdds,Profit,Result,FactorValue,FactorComponents,AHResult
2022-08-05T16:00:00.000Z,Fulham,Liverpool,2-2,+1.5/+2,HOME,1.860,86.00,WIN,1.5000,F1:1.5,home
2022-08-05T16:00:00.000Z,Crystal Palace,Arsenal,4-1,+0.5/+1,HOME,1.820,-100.00,LOSS,0.5000,F1:0.5,away
2022-08-05T16:00:00.000Z,Bournemouth,Aston Villa,2-0,0/+0.5,HOME,2.150,115.00,WIN,0.0000,F1:0,home
2022-08-05T16:00:00.000Z,Leeds,Wolves,2-1,0/-0.5,HOME,1.990,99.00,WIN,0.0000,F1:0,home
2022-08-05T16:00:00.000Z,Newcastle,Nottingham Forest,2-0,-1,AWAY,1.880,-100.00,LOSS,-1.0000,F1:-1,home
2022-08-05T16:00:00.000Z,Tottenham,Southampton,4-1,-1/-1.5,AWAY,2.120,-100.00,LOSS,-1.0000,F1:-1,home
2022-08-06T16:00:00.000Z,Everton,Chelsea,0-1,+1,HOME,1.980,0.00,PUSH,1.0000,F1:1,draw
2022-08-06T16:00:00.000Z,West Ham,Manchester City,3-0,+1/+1.5,HOME,2.100,-100.00,LOSS,1.0000,F1:1,away
2022-08-12T16:00:00.000Z,Brighton,Newcastle,0-0,0/-0.5,HOME,2.080,0.00,PUSH,0.0000,F1:0,draw
2022-08-12T16:00:00.000Z,Southampton,Leeds,2-2,0/-0.5,HOME,2.040,0.00,PUSH,0.0000,F1:0,draw
2022-08-12T16:00:00.000Z,Wolves,Fulham,0-0,0/-0.5,HOME,1.850,0.00,PUSH,0.0000,F1:0,draw
2022-08-12T16:00:00.000Z,Arsenal,Leicester,4-2,-1,AWAY,1.960,-100.00,LOSS,-1.0000,F1:-1,home
2022-08-12T16:00:00.000Z,Manchester City,Bournemouth,4-0,-2.5/-3,AWAY,1.970,-100.00,LOSS,-2.5000,F1:-2.5,home
2022-08-13T16:00:00.000Z,Nottingham Forest,West Ham,4-0,+0.5/+1,HOME,1.730,73.00,WIN,0.5000,F1:0.5,home
2022-08-13T16:00:00.000Z,Brentford,Manchester Utd,4-0,+0.5/+1,HOME,1.950,95.00,WIN,0.5000,F1:0.5,home
2022-08-13T16:00:00.000Z,Chelsea,Tottenham,2-2,0/-0.5,HOME,1.900,0.00,PUSH,0.0000,F1:0,draw
2022-08-15T16:00:00.000Z,Liverpool,Crystal Palace,1-1,-1.5/-2,AWAY,1.860,86.00,WIN,-1.5000,F1:-1.5,away
2022-08-19T16:00:00.000Z,Fulham,Brentford,3-2,0,HOME,1.870,87.00,WIN,0.0000,F1:0,home
2022-08-19T16:00:00.000Z,Crystal Palace,Aston Villa,3-1,0,HOME,1.720,72.00,WIN,0.0000,F1:0,home
2022-08-19T16:00:00.000Z,Tottenham,Wolves,1-0,-1/-1.5,AWAY,1.900,0.00,PUSH,-1.0000,F1:-1,draw
2022-08-20T16:00:00.000Z,Newcastle,Manchester City,3-3,+1/+1.5,HOME,1.920,92.00,WIN,1.0000,F1:1,home
2022-08-20T16:00:00.000Z,Leeds,Chelsea,1-0,+1,HOME,2.090,109.00,WIN,1.0000,F1:1,home
2022-08-20T16:00:00.000Z,Bournemouth,Arsenal,0-3,+1/+1.5,HOME,1.960,-100.00,LOSS,1.0000,F1:1,away
2022-08-20T16:00:00.000Z,West Ham,Brighton,0-2,0/-0.5,HOME,2.050,-100.00,LOSS,0.0000,F1:0,away
2022-08-22T16:00:00.000Z,Manchester Utd,Liverpool,2-1,+0.5/+1,HOME,2.020,102.00,WIN,0.5000,F1:0.5,home
2022-08-26T16:00:00.000Z,Southampton,Manchester Utd,0-1,+0.5/+1,HOME,1.700,-100.00,LOSS,0.5000,F1:0.5,away
2022-08-26T16:00:00.000Z,Brentford,Everton,1-1,0/-0.5,HOME,1.800,0.00,PUSH,0.0000,F1:0,draw
2022-08-26T16:00:00.000Z,Chelsea,Leicester,2-1,-1/-1.5,AWAY,2.030,0.00,PUSH,-1.0000,F1:-1,draw
2022-08-26T16:00:00.000Z,Manchester City,Crystal Palace,4-2,-2/-2.5,AWAY,1.740,0.00,PUSH,-2.0000,F1:-2,draw
2022-08-26T16:00:00.000Z,Liverpool,Bournemouth,9-0,-2/-2.5,AWAY,2.010,-100.00,LOSS,-2.0000,F1:-2,home
2022-08-27T16:00:00.000Z,Nottingham Forest,Tottenham,0-2,+1/+1.5,HOME,1.930,-100.00,LOSS,1.0000,F1:1,away
2022-08-27T16:00:00.000Z,Aston Villa,West Ham,0-1,0/-0.5,HOME,1.820,-100.00,LOSS,0.0000,F1:0,away
2022-08-27T16:00:00.000Z,Wolves,Newcastle,1-1,0,HOME,1.860,0.00,PUSH,0.0000,F1:0,draw
2022-08-27T16:00:00.000Z,Arsenal,Fulham,0-3,-1.5/-2,AWAY,1.660,66.00,WIN,-1.5000,F1:-1.5,away
2022-08-30T16:00:00.000Z,Southampton,Chelsea,2-1,+0.5/+1,HOME,2.070,107.00,WIN,0.5000,F1:0.5,home
2022-08-30T16:00:00.000Z,Crystal Palace,Brentford,1-1,0/-0.5,HOME,1.750,0.00,PUSH,0.0000,F1:0,draw
2022-08-30T16:00:00.000Z,Leeds,Everton,1-1,0/-0.5,HOME,1.760,0.00,PUSH,0.0000,F1:0,draw
2022-08-30T16:00:00.000Z,Fulham,Brighton,2-1,0/+0.5,HOME,1.880,88.00,WIN,0.0000,F1:0,home
2022-08-31T16:00:00.000Z,Bournemouth,Wolves,0-0,0/+0.5,HOME,1.900,0.00,PUSH,0.0000,F1:0,draw
2022-08-31T16:00:00.000Z,West Ham,Tottenham,1-1,0/+0.5,HOME,1.940,0.00,PUSH,0.0000,F1:0,draw
2022-08-31T16:00:00.000Z,Arsenal,Aston Villa,2-1,-1,AWAY,2.030,0.00,PUSH,-1.0000,F1:-1,draw
2022-08-31T16:00:00.000Z,Liverpool,Newcastle,2-1,-1.5/-2,AWAY,1.930,93.00,WIN,-1.5000,F1:-1.5,away
2022-08-31T16:00:00.000Z,Manchester City,Nottingham Forest,6-0,-2.5/-3,AWAY,1.980,-100.00,LOSS,-2.5000,F1:-2.5,home
2022-09-01T16:00:00.000Z,Leicester,Manchester Utd,0-1,0/+0.5,HOME,2.000,-100.00,LOSS,0.0000,F1:0,away
2022-09-02T16:00:00.000Z,Everton,Liverpool,0-0,+1/+1.5,HOME,2.060,106.00,WIN,1.0000,F1:1,home
2022-09-02T16:00:00.000Z,Wolves,Southampton,1-0,0/-0.5,HOME,1.830,83.00,WIN,0.0000,F1:0,home
2022-09-02T16:00:00.000Z,Nottingham Forest,Bournemouth,2-3,0/-0.5,HOME,1.860,-100.00,LOSS,0.0000,F1:0,away
2022-09-02T16:00:00.000Z,Newcastle,Crystal Palace,0-0,0/-0.5,HOME,1.720,0.00,PUSH,0.0000,F1:0,draw
2022-09-02T16:00:00.000Z,Brentford,Leeds,5-2,0/-0.5,HOME,1.820,82.00,WIN,0.0000,F1:0,home
2022-09-02T16:00:00.000Z,Tottenham,Fulham,2-1,-1/-1.5,AWAY,1.810,0.00,PUSH,-1.0000,F1:-1,draw
2022-09-03T16:00:00.000Z,Aston Villa,Manchester City,1-1,+1.5/+2,HOME,1.810,81.00,WIN,1.5000,F1:1.5,home
2022-09-03T16:00:00.000Z,Manchester Utd,Arsenal,3-1,0,HOME,1.910,91.00,WIN,0.0000,F1:0,home
2022-09-16T16:00:00.000Z,Wolves,Manchester City,0-3,+1.5/+2,HOME,1.740,-100.00,LOSS,1.5000,F1:1.5,away
2022-09-16T16:00:00.000Z,Aston Villa,Southampton,1-0,0/-0.5,HOME,1.720,72.00,WIN,0.0000,F1:0,home
2022-09-16T16:00:00.000Z,Nottingham Forest,Fulham,2-0,0/+0.5,HOME,1.750,-100.00,LOSS,0.0000,F1:0,away
2022-09-16T16:00:00.000Z,Newcastle,Bournemouth,1-1,-1/-1.5,AWAY,2.000,100.00,WIN,-1.0000,F1:-1,away
2022-09-17T16:00:00.000Z,Brentford,Arsenal,0-3,+0.5/+1,HOME,1.850,-100.00,LOSS,0.5000,F1:0.5,away
2022-09-17T16:00:00.000Z,Everton,West Ham,2-0,0,HOME,2.010,101.00,WIN,0.0000,F1:0,home
2022-09-17T16:00:00.000Z,Tottenham,Leicester,6-2,-1,AWAY,2.090,-100.00,LOSS,-1.0000,F1:-1,home
2022-09-30T16:00:00.000Z,Crystal Palace,Chelsea,1-2,+0.5/+1,HOME,1.940,-100.00,LOSS,0.5000,F1:0.5,away
2022-09-30T16:00:00.000Z,Fulham,Newcastle,1-4,0,HOME,1.950,-100.00,LOSS,0.0000,F1:0,away
2022-09-30T16:00:00.000Z,Bournemouth,Brentford,0-0,0/+0.5,HOME,1.880,0.00,PUSH,0.0000,F1:0,draw
2022-09-30T16:00:00.000Z,Southampton,Everton,1-2,0/-0.5,HOME,2.000,-100.00,LOSS,0.0000,F1:0,away
2022-09-30T16:00:00.000Z,Liverpool,Brighton,3-3,-1/-1.5,AWAY,1.900,90.00,WIN,-1.0000,F1:-1,away
2022-10-01T16:00:00.000Z,Leeds,Aston Villa,0-0,0/-0.5,HOME,2.050,0.00,PUSH,0.0000,F1:0,draw
2022-10-01T16:00:00.000Z,West Ham,Wolves,2-0,0/-0.5,HOME,1.720,72.00,WIN,0.0000,F1:0,home
2022-10-01T16:00:00.000Z,Manchester City,Manchester Utd,6-3,-1/-1.5,AWAY,1.990,-100.00,LOSS,-1.0000,F1:-1,home
2022-10-07T16:00:00.000Z,Bournemouth,Leicester,2-1,0/+0.5,HOME,2.010,101.00,WIN,0.0000,F1:0,home
2022-10-07T16:00:00.000Z,Chelsea,Wolves,3-0,-1/-1.5,AWAY,1.730,-100.00,LOSS,-1.0000,F1:-1,home
2022-10-07T16:00:00.000Z,Manchester City,Southampton,4-0,-2.5/-3,AWAY,1.810,-100.00,LOSS,-2.5000,F1:-2.5,home
2022-10-08T16:00:00.000Z,Crystal Palace,Leeds,2-1,0/-0.5,HOME,1.750,75.00,WIN,0.0000,F1:0,home
2022-10-08T16:00:00.000Z,Brighton,Tottenham,0-1,0,HOME,1.810,-100.00,LOSS,0.0000,F1:0,away
2022-10-08T16:00:00.000Z,Arsenal,Liverpool,3-2,0,HOME,1.850,85.00,WIN,0.0000,F1:0,home
2022-10-09T16:00:00.000Z,Everton,Manchester Utd,1-2,0/+0.5,HOME,2.130,-100.00,LOSS,0.0000,F1:0,away
2022-10-10T16:00:00.000Z,Nottingham Forest,Aston Villa,1-1,0/+0.5,HOME,2.150,0.00,PUSH,0.0000,F1:0,draw
2022-10-14T16:00:00.000Z,Brentford,Brighton,2-0,0/+0.5,HOME,1.940,94.00,WIN,0.0000,F1:0,home
2022-10-14T16:00:00.000Z,Leicester,Crystal Palace,0-0,0/-0.5,HOME,2.050,0.00,PUSH,0.0000,F1:0,draw
2022-10-15T16:00:00.000Z,Leeds,Arsenal,0-1,+1,HOME,1.840,0.00,PUSH,1.0000,F1:1,draw
2022-10-15T16:00:00.000Z,Liverpool,Manchester City,4-1,+0.5/+1,HOME,1.880,88.00,WIN,0.5000,F1:0.5,home
2022-10-15T16:00:00.000Z,Aston Villa,Chelsea,0-2,+0.5/+1,HOME,1.690,-100.00,LOSS,0.5000,F1:0.5,away
2022-10-15T16:00:00.000Z,Southampton,West Ham,1-1,0/+0.5,HOME,1.750,0.00,PUSH,0.0000,F1:0,draw
2022-10-15T16:00:00.000Z,Manchester Utd,Newcastle,0-0,0/-0.5,HOME,1.730,0.00,PUSH,0.0000,F1:0,draw
2022-10-15T16:00:00.000Z,Tottenham,Everton,2-0,-1/-1.5,AWAY,1.880,-100.00,LOSS,-1.0000,F1:-1,home
2022-10-18T16:00:00.000Z,Crystal Palace,Wolves,2-1,0/-0.5,HOME,1.740,74.00,WIN,0.0000,F1:0,home
2022-10-18T16:00:00.000Z,Brighton,Nottingham Forest,0-0,-1/-1.5,AWAY,2.020,102.00,WIN,-1.0000,F1:-1,away
2022-10-19T16:00:00.000Z,Brentford,Chelsea,0-0,+0.5/+1,HOME,1.820,82.00,WIN,0.5000,F1:0.5,home
2022-10-19T16:00:00.000Z,Manchester Utd,Tottenham,2-0,0/-0.5,HOME,1.990,99.00,WIN,0.0000,F1:0,home
2022-10-19T16:00:00.000Z,Bournemouth,Southampton,0-1,0,HOME,1.820,-100.00,LOSS,0.0000,F1:0,away
2022-10-19T16:00:00.000Z,Liverpool,West Ham,1-2,-1/-1.5,AWAY,1.980,0.00,PUSH,-1.0000,F1:-1,draw
2022-10-20T16:00:00.000Z,Fulham,Aston Villa,3-0,0/+0.5,HOME,1.740,74.00,WIN,0.0000,F1:0,home
2022-10-20T16:00:00.000Z,Leicester,Leeds,2-0,0/-0.5,HOME,1.940,94.00,WIN,0.0000,F1:0,home
2022-10-21T16:00:00.000Z,Nottingham Forest,Liverpool,3-2,+1.5/+2,HOME,1.720,72.00,WIN,1.5000,F1:1.5,home
2022-10-21T16:00:00.000Z,Everton,Crystal Palace,3-0,0,HOME,1.750,75.00,WIN,0.0000,F1:0,home
2022-10-21T16:00:00.000Z,Manchester City,Brighton,3-1,-1.5/-2,AWAY,2.050,-100.00,LOSS,-1.5000,F1:-1.5,home
2022-10-22T16:00:00.000Z,Southampton,Arsenal,1-1,+1/+1.5,HOME,1.870,87.00,WIN,1.0000,F1:1,home
2022-10-22T16:00:00.000Z,Chelsea,Manchester Utd,1-1,0/-0.5,HOME,1.820,0.00,PUSH,0.0000,F1:0,draw
2022-10-22T16:00:00.000Z,Tottenham,Newcastle,1-2,0/-0.5,HOME,1.860,-100.00,LOSS,0.0000,F1:0,away
2022-10-22T16:00:00.000Z,Wolves,Leicester,0-4,0/-0.5,HOME,2.010,-100.00,LOSS,0.0000,F1:0,away
2022-10-22T16:00:00.000Z,Leeds,Fulham,2-3,0/-0.5,HOME,1.770,-100.00,LOSS,0.0000,F1:0,away
2022-10-22T16:00:00.000Z,Aston Villa,Brentford,4-0,0/-0.5,HOME,1.760,76.00,WIN,0.0000,F1:0,home
2022-10-24T16:00:00.000Z,West Ham,Bournemouth,2-0,-1,AWAY,1.810,-100.00,LOSS,-1.0000,F1:-1,home
2022-10-28T16:00:00.000Z,Leicester,Manchester City,0-1,+1/+1.5,HOME,2.000,0.00,PUSH,1.0000,F1:1,draw
2022-10-28T16:00:00.000Z,Bournemouth,Tottenham,2-3,+0.5/+1,HOME,1.970,-100.00,LOSS,0.5000,F1:0.5,away
2022-10-28T16:00:00.000Z,Brighton,Chelsea,4-1,0/+0.5,HOME,1.830,83.00,WIN,0.0000,F1:0,home
2022-10-28T16:00:00.000Z,Brentford,Wolves,1-1,0/-0.5,HOME,1.830,0.00,PUSH,0.0000,F1:0,draw
2022-10-29T16:00:00.000Z,Fulham,Everton,0-0,0/-0.5,HOME,1.960,0.00,PUSH,0.0000,F1:0,draw
2022-10-29T16:00:00.000Z,Liverpool,Leeds,1-2,-1.5/-2,AWAY,2.100,110.00,WIN,-1.5000,F1:-1.5,away
2022-10-29T16:00:00.000Z,Arsenal,Nottingham Forest,5-0,-1.5/-2,AWAY,2.050,-100.00,LOSS,-1.5000,F1:-1.5,home
2022-11-04T16:00:00.000Z,Wolves,Brighton,2-3,0/+0.5,HOME,2.070,-100.00,LOSS,0.0000,F1:0,away
2022-11-04T16:00:00.000Z,Nottingham Forest,Brentford,2-2,0,HOME,1.880,0.00,PUSH,0.0000,F1:0,draw
2022-11-04T16:00:00.000Z,Manchester City,Fulham,2-1,-2/-2.5,AWAY,1.890,89.00,WIN,-2.0000,F1:-2,away
2022-11-05T16:00:00.000Z,Southampton,Newcastle,1-4,+0.5/+1,HOME,1.820,-100.00,LOSS,0.5000,F1:0.5,away
2022-11-05T16:00:00.000Z,Everton,Leicester,0-2,0/-0.5,HOME,2.050,-100.00,LOSS,0.0000,F1:0,away
2022-11-05T16:00:00.000Z,Chelsea,Arsenal,3-1,0,HOME,1.970,-100.00,LOSS,0.0000,F1:0,away
2022-11-05T16:00:00.000Z,Aston Villa,Manchester Utd,3-1,0/+0.5,HOME,1.930,93.00,WIN,0.0000,F1:0,home
2022-11-06T16:00:00.000Z,Tottenham,Liverpool,1-2,0/+0.5,HOME,2.170,-100.00,LOSS,0.0000,F1:0,away
2022-11-11T16:00:00.000Z,West Ham,Leicester,2-1,0/-0.5,HOME,1.760,-100.00,LOSS,0.0000,F1:0,away
2022-11-11T16:00:00.000Z,Bournemouth,Everton,3-0,0,HOME,1.960,96.00,WIN,0.0000,F1:0,home
2022-11-11T16:00:00.000Z,Nottingham Forest,Crystal Palace,1-1,0/+0.5,HOME,1.850,85.00,WIN,0.0000,F1:0,home
2022-11-11T16:00:00.000Z,Liverpool,Southampton,3-1,-1.5/-2,AWAY,1.980,-100.00,LOSS,-1.5000,F1:-1.5,home
2022-11-11T16:00:00.000Z,Manchester City,Brentford,1-2,-2/-2.5,AWAY,1.890,89.00,WIN,-2.0000,F1:-2,away
2022-11-12T16:00:00.000Z,Wolves,Arsenal,0-2,+1,HOME,1.950,-100.00,LOSS,1.0000,F1:1,away
2022-11-12T16:00:00.000Z,Newcastle,Chelsea,1-1,0/-0.5,HOME,1.780,78.00,WIN,0.0000,F1:0,home
2022-11-13T16:00:00.000Z,Fulham,Manchester Utd,1-2,+0.5/+1,HOME,1.860,-100.00,LOSS,0.5000,F1:0.5,away
2022-12-25T16:00:00.000Z,Southampton,Brighton,1-3,0/+0.5,HOME,2.030,-100.00,LOSS,0.0000,F1:0,away
2022-12-25T16:00:00.000Z,Leicester,Newcastle,0-3,0/+0.5,HOME,2.040,-100.00,LOSS,0.0000,F1:0,away
2022-12-25T16:00:00.000Z,Everton,Wolves,1-2,0/-0.5,HOME,2.080,-100.00,LOSS,0.0000,F1:0,away
2022-12-25T16:00:00.000Z,Crystal Palace,Fulham,0-3,0/-0.5,HOME,1.900,-100.00,LOSS,0.0000,F1:0,away
2022-12-25T16:00:00.000Z,Brentford,Tottenham,1-3,0/+0.5,HOME,2.000,0.00,PUSH,0.0000,F1:0,draw
2022-12-26T16:00:00.000Z,Aston Villa,Liverpool,1-3,+0.5/+1,HOME,2.020,-100.00,LOSS,0.5000,F1:0.5,away
2022-12-26T16:00:00.000Z,Arsenal,West Ham,3-1,-1,AWAY,1.950,-100.00,LOSS,-1.0000,F1:-1,home
2022-12-27T16:00:00.000Z,Manchester Utd,Nottingham Forest,3-0,-1.5/-2,AWAY,1.770,-100.00,LOSS,-1.5000,F1:-1.5,home
2022-12-27T16:00:00.000Z,Chelsea,Bournemouth,2-0,-1.5/-2,AWAY,1.720,-100.00,LOSS,-1.5000,F1:-1.5,home
2022-12-28T16:00:00.000Z,Leeds,Manchester City,1-3,+1.5/+2,HOME,1.970,-100.00,LOSS,1.5000,F1:1.5,away
2022-12-30T16:00:00.000Z,Wolves,Manchester Utd,0-1,+0.5/+1,HOME,1.750,-100.00,LOSS,0.5000,F1:0.5,away
2022-12-30T16:00:00.000Z,West Ham,Brentford,2-0,0/-0.5,HOME,1.750,-100.00,LOSS,0.0000,F1:0,away
2022-12-30T16:00:00.000Z,Bournemouth,Crystal Palace,2-0,0,HOME,2.030,-100.00,LOSS,0.0000,F1:0,away
2022-12-30T16:00:00.000Z,Newcastle,Leeds,0-0,-1/-1.5,AWAY,1.890,89.00,WIN,-1.0000,F1:-1,away
2022-12-30T16:00:00.000Z,Liverpool,Leicester,2-1,-1.5/-2,AWAY,2.140,114.00,WIN,-1.5000,F1:-1.5,away
2022-12-30T16:00:00.000Z,Manchester City,Everton,0-3,-2/-2.5,AWAY,2.070,107.00,WIN,-2.0000,F1:-2,away
2022-12-31T16:00:00.000Z,Brighton,Arsenal,2-4,+0.5/+1,HOME,1.800,-100.00,LOSS,0.5000,F1:0.5,away
2023-01-01T16:00:00.000Z,Nottingham Forest,Chelsea,1-1,+1,HOME,1.890,89.00,WIN,1.0000,F1:1,home
2023-01-02T16:00:00.000Z,Brentford,Liverpool,3-1,+1,HOME,2.070,107.00,WIN,1.0000,F1:1,home
2023-01-03T16:00:00.000Z,Everton,Brighton,1-4,0/+0.5,HOME,1.860,-100.00,LOSS,0.0000,F1:0,away
2023-01-03T16:00:00.000Z,Leicester,Fulham,0-1,0/-0.5,HOME,2.020,-100.00,LOSS,0.0000,F1:0,away
2023-01-03T16:00:00.000Z,Manchester Utd,Bournemouth,3-0,-1.5/-2,AWAY,1.900,-100.00,LOSS,-1.5000,F1:-1.5,home
2023-01-04T16:00:00.000Z,Southampton,Nottingham Forest,0-1,0/-0.5,HOME,1.960,-100.00,LOSS,0.0000,F1:0,away
2023-01-04T16:00:00.000Z,Crystal Palace,Tottenham,0-4,0/+0.5,HOME,1.980,-100.00,LOSS,0.0000,F1:0,away
2023-01-04T16:00:00.000Z,Leeds,West Ham,2-2,0,HOME,1.990,0.00,PUSH,0.0000,F1:0,draw
2023-01-05T16:00:00.000Z,Chelsea,Manchester City,0-1,+0.5/+1,HOME,2.110,-100.00,LOSS,0.5000,F1:0.5,away
2023-01-12T16:00:00.000Z,Fulham,Chelsea,2-1,0/+0.5,HOME,2.190,119.00,WIN,0.0000,F1:0,home
2023-01-13T16:00:00.000Z,Manchester Utd,Manchester City,2-1,+0.5/+1,HOME,1.790,79.00,WIN,0.5000,F1:0.5,home
2023-01-13T16:00:00.000Z,Wolves,West Ham,1-0,0/-0.5,HOME,2.070,107.00,WIN,0.0000,F1:0,home
2023-01-13T16:00:00.000Z,Nottingham Forest,Leicester,2-0,0,HOME,1.890,89.00,WIN,0.0000,F1:0,home
2023-01-13T16:00:00.000Z,Everton,Southampton,1-2,0/-0.5,HOME,1.950,-100.00,LOSS,0.0000,F1:0,away
2023-01-13T16:00:00.000Z,Brighton,Liverpool,3-3,0/+0.5,HOME,1.780,78.00,WIN,0.0000,F1:0,home
2023-01-14T16:00:00.000Z,Brentford,Bournemouth,2-0,-1,AWAY,1.840,-100.00,LOSS,-1.0000,F1:-1,home
2023-01-14T16:00:00.000Z,Newcastle,Fulham,1-0,-1/-1.5,AWAY,1.810,0.00,PUSH,-1.0000,F1:-1,draw
2023-01-15T16:00:00.000Z,Tottenham,Arsenal,0-2,0/+0.5,HOME,1.980,-100.00,LOSS,0.0000,F1:0,away
2023-01-18T16:00:00.000Z,Crystal Palace,Manchester Utd,1-1,+0.5/+1,HOME,2.080,108.00,WIN,0.5000,F1:0.5,home
2023-01-19T16:00:00.000Z,Manchester City,Tottenham,4-2,-1/-1.5,AWAY,1.830,-100.00,LOSS,-1.0000,F1:-1,home
2023-01-20T16:00:00.000Z,Leicester,Brighton,2-2,+0.5/+1,HOME,1.860,86.00,WIN,0.5000,F1:0.5,home
2023-01-20T16:00:00.000Z,Southampton,Aston Villa,0-1,0,HOME,1.880,-100.00,LOSS,0.0000,F1:0,away
2023-01-20T16:00:00.000Z,Bournemouth,Nottingham Forest,1-1,0,HOME,2.000,0.00,PUSH,0.0000,F1:0,draw
2023-01-21T16:00:00.000Z,Crystal Palace,Newcastle,0-0,+0.5/+1,HOME,1.830,83.00,WIN,0.5000,F1:0.5,home
2023-01-21T16:00:00.000Z,Leeds,Brentford,0-0,0/-0.5,HOME,2.020,0.00,PUSH,0.0000,F1:0,draw
2023-01-21T16:00:00.000Z,Manchester City,Wolves,3-0,-2,AWAY,1.730,-100.00,LOSS,-2.0000,F1:-2,home
2023-01-23T16:00:00.000Z,Fulham,Tottenham,0-1,0/+0.5,HOME,2.060,-100.00,LOSS,0.0000,F1:0,away
2023-02-03T16:00:00.000Z,Everton,Arsenal,4-0,+1/+1.5,HOME,1.780,78.00,WIN,1.0000,F1:1,home
2023-02-03T16:00:00.000Z,Wolves,Liverpool,3-0,+0.5/+1,HOME,1.730,73.00,WIN,0.5000,F1:0.5,home
2023-02-03T16:00:00.000Z,Aston Villa,Leicester,2-4,0/-0.5,HOME,1.820,-100.00,LOSS,0.0000,F1:0,away
2023-02-03T16:00:00.000Z,Chelsea,Fulham,0-0,-1,AWAY,1.890,89.00,WIN,-1.0000,F1:-1,away
2023-02-03T16:00:00.000Z,Manchester Utd,Crystal Palace,2-1,-1/-1.5,AWAY,2.040,0.00,PUSH,-1.0000,F1:-1,draw
2023-02-03T16:00:00.000Z,Brighton,Bournemouth,0-2,-1/-1.5,AWAY,2.090,0.00,PUSH,-1.0000,F1:-1,draw
2023-02-04T16:00:00.000Z,Nottingham Forest,Leeds,1-0,0,HOME,1.920,92.00,WIN,0.0000,F1:0,home
2023-02-05T16:00:00.000Z,Tottenham,Manchester City,1-0,+0.5/+1,HOME,1.810,81.00,WIN,0.5000,F1:0.5,home
2023-02-08T16:00:00.000Z,Manchester Utd,Leeds,2-2,-1/-1.5,AWAY,1.800,80.00,WIN,-1.0000,F1:-1,away
2023-02-10T16:00:00.000Z,Crystal Palace,Brighton,1-1,+0.5/+1,HOME,1.900,90.00,WIN,0.5000,F1:0.5,home
2023-02-10T16:00:00.000Z,West Ham,Chelsea,1-1,0/+0.5,HOME,2.030,0.00,PUSH,0.0000,F1:0,draw
2023-02-10T16:00:00.000Z,Southampton,Wolves,1-2,0/+0.5,HOME,1.820,-100.00,LOSS,0.0000,F1:0,away
2023-02-10T16:00:00.000Z,Leicester,Tottenham,4-1,0/+0.5,HOME,2.080,108.00,WIN,0.0000,F1:0,home
2023-02-10T16:00:00.000Z,Arsenal,Brentford,1-1,-1/-1.5,AWAY,1.790,79.00,WIN,-1.0000,F1:-1,away
2023-02-11T16:00:00.000Z,Bournemouth,Newcastle,1-1,+1,HOME,1.830,83.00,WIN,1.0000,F1:1,home
2023-02-11T16:00:00.000Z,Leeds,Manchester Utd,0-2,+0.5/+1,HOME,1.720,-100.00,LOSS,0.5000,F1:0.5,away
2023-02-12T16:00:00.000Z,Manchester City,Aston Villa,1-1,-1.5/-2,AWAY,1.860,-100.00,LOSS,-1.5000,F1:-1.5,home
2023-02-13T16:00:00.000Z,Liverpool,Everton,2-0,-1,AWAY,1.950,-100.00,LOSS,-1.0000,F1:-1,home
2023-02-15T16:00:00.000Z,Arsenal,Manchester City,1-3,0/+0.5,HOME,1.930,-100.00,LOSS,0.0000,F1:0,away
2023-02-17T16:00:00.000Z,Nottingham Forest,Manchester City,6-0,+1.5/+2,HOME,1.890,89.00,WIN,1.5000,F1:1.5,home
2023-02-17T16:00:00.000Z,Aston Villa,Arsenal,2-4,+0.5/+1,HOME,1.760,-100.00,LOSS,0.5000,F1:0.5,away
2023-02-17T16:00:00.000Z,Everton,Leeds,1-0,0,HOME,1.890,89.00,WIN,0.0000,F1:0,home
2023-02-17T16:00:00.000Z,Chelsea,Southampton,0-1,-1/-1.5,AWAY,1.990,99.00,WIN,-1.0000,F1:-1,away
2023-02-17T16:00:00.000Z,Brighton,Fulham,0-1,-1,AWAY,1.970,97.00,WIN,-1.0000,F1:-1,away
2023-02-18T16:00:00.000Z,Newcastle,Liverpool,2-1,0,HOME,1.870,-100.00,LOSS,0.0000,F1:0,away
2023-02-18T16:00:00.000Z,Manchester Utd,Leicester,3-0,-1,AWAY,1.980,-100.00,LOSS,-1.0000,F1:-1,home
2023-02-24T16:00:00.000Z,Leicester,Arsenal,4-2,+1,HOME,1.960,0.00,PUSH,1.0000,F1:1,draw
2023-02-24T16:00:00.000Z,Fulham,Wolves,1-1,0,HOME,1.770,0.00,PUSH,0.0000,F1:0,draw
2023-02-24T16:00:00.000Z,Everton,Aston Villa,0-2,0,HOME,1.760,-100.00,LOSS,0.0000,F1:0,away
2023-02-25T16:00:00.000Z,Bournemouth,Manchester City,1-4,+1.5/+2,HOME,1.850,-100.00,LOSS,1.5000,F1:1.5,away
2023-02-25T16:00:00.000Z,Crystal Palace,Liverpool,0-0,+0.5/+1,HOME,2.050,105.00,WIN,0.5000,F1:0.5,home
2023-02-25T16:00:00.000Z,Tottenham,Chelsea,2-0,0,HOME,2.030,103.00,WIN,0.0000,F1:0,home
2023-03-01T16:00:00.000Z,Liverpool,Wolves,2-0,-1,AWAY,2.070,-100.00,LOSS,-1.0000,F1:-1,home
2023-03-01T16:00:00.000Z,Arsenal,Everton,4-0,-1.5/-2,AWAY,1.720,-100.00,LOSS,-1.5000,F1:-1.5,home
2023-03-03T16:00:00.000Z,Wolves,Tottenham,1-0,0/+0.5,HOME,1.870,87.00,WIN,0.0000,F1:0,home
2023-03-03T16:00:00.000Z,Aston Villa,Crystal Palace,1-0,0/-0.5,HOME,1.830,83.00,WIN,0.0000,F1:0,home
2023-03-03T16:00:00.000Z,Chelsea,Leeds,1-0,-1,AWAY,1.950,0.00,PUSH,-1.0000,F1:-1,draw
2023-03-03T16:00:00.000Z,Manchester City,Newcastle,2-0,-1/-1.5,AWAY,1.900,-100.00,LOSS,-1.0000,F1:-1,home
2023-03-03T16:00:00.000Z,Arsenal,Bournemouth,3-2,-1.5/-2,AWAY,2.150,115.00,WIN,-1.5000,F1:-1.5,away
2023-03-04T16:00:00.000Z,Southampton,Leicester,1-0,0,HOME,2.060,106.00,WIN,0.0000,F1:0,home
2023-03-04T16:00:00.000Z,Nottingham Forest,Everton,2-2,0,HOME,2.080,0.00,PUSH,0.0000,F1:0,draw
2023-03-05T16:00:00.000Z,Liverpool,Manchester Utd,7-0,0/-0.5,HOME,2.050,105.00,WIN,0.0000,F1:0,home
2023-03-10T16:00:00.000Z,Bournemouth,Liverpool,9-0,+1/+1.5,HOME,1.960,96.00,WIN,1.0000,F1:1,home
2023-03-10T16:00:00.000Z,Leicester,Chelsea,1-3,+0.5/+1,HOME,1.740,-100.00,LOSS,0.5000,F1:0.5,away
2023-03-10T16:00:00.000Z,Leeds,Brighton,2-2,+0.5/+1,HOME,1.790,79.00,WIN,0.5000,F1:0.5,home
2023-03-10T16:00:00.000Z,Tottenham,Nottingham Forest,3-1,-1/-1.5,AWAY,1.860,-100.00,LOSS,-1.0000,F1:-1,home
2023-03-11T16:00:00.000Z,Crystal Palace,Manchester City,0-1,+1/+1.5,HOME,2.170,0.00,PUSH,1.0000,F1:1,draw
2023-03-11T16:00:00.000Z,Fulham,Arsenal,0-3,+1/+1.5,HOME,1.900,-100.00,LOSS,1.0000,F1:1,away
2023-03-11T16:00:00.000Z,Manchester Utd,Southampton,0-0,-1.5/-2,AWAY,1.920,92.00,WIN,-1.5000,F1:-1.5,away
2023-03-15T16:00:00.000Z,Brighton,Crystal Palace,1-0,-1/-1.5,AWAY,2.090,0.00,PUSH,-1.0000,F1:-1,draw
2023-03-17T16:00:00.000Z,Nottingham Forest,Newcastle,1-2,+0.5/+1,HOME,1.980,-100.00,LOSS,0.5000,F1:0.5,away
2023-03-17T16:00:00.000Z,Southampton,Tottenham,3-3,+0.5/+1,HOME,1.870,87.00,WIN,0.5000,F1:0.5,home
2023-03-18T16:00:00.000Z,Chelsea,Everton,2-2,-1/-1.5,AWAY,1.810,81.00,WIN,-1.0000,F1:-1,away
2023-03-18T16:00:00.000Z,Arsenal,Crystal Palace,4-1,-1.5/-2,AWAY,1.890,-100.00,LOSS,-1.5000,F1:-1.5,home
2023-03-31T16:00:00.000Z,Arsenal,Leeds,4-1,-1.5/-2,AWAY,1.930,-100.00,LOSS,-1.5000,F1:-1.5,home
2023-04-01T16:00:00.000Z,Chelsea,Aston Villa,0-2,-1,AWAY,1.880,88.00,WIN,-1.0000,F1:-1,away
2023-04-04T16:00:00.000Z,Bournemouth,Brighton,0-2,+1,HOME,1.960,-100.00,LOSS,1.0000,F1:1,away
2023-04-05T16:00:00.000Z,Manchester Utd,Brentford,1-0,-1,AWAY,1.860,0.00,PUSH,-1.0000,F1:-1,draw
2023-04-07T16:00:00.000Z,Wolves,Chelsea,1-0,+0.5/+1,HOME,1.880,88.00,WIN,0.5000,F1:0.5,home
2023-04-07T16:00:00.000Z,Brentford,Newcastle,1-2,+0.5/+1,HOME,1.690,-100.00,LOSS,0.5000,F1:0.5,away
2023-04-07T16:00:00.000Z,Manchester Utd,Everton,2-0,-1,AWAY,1.880,-100.00,LOSS,-1.0000,F1:-1,home
2023-04-07T16:00:00.000Z,Aston Villa,Nottingham Forest,2-0,-1,AWAY,1.880,-100.00,LOSS,-1.0000,F1:-1,home
2023-04-08T16:00:00.000Z,Southampton,Manchester City,4-0,+1.5/+2,HOME,1.840,-100.00,LOSS,1.5000,F1:1.5,away
2023-04-14T16:00:00.000Z,Tottenham,Bournemouth,2-3,-1/-1.5,AWAY,1.790,79.00,WIN,-1.0000,F1:-1,away
2023-04-15T16:00:00.000Z,West Ham,Arsenal,2-2,+1,HOME,1.890,89.00,WIN,1.0000,F1:1,home
2023-04-15T16:00:00.000Z,Nottingham Forest,Manchester Utd,0-2,+0.5/+1,HOME,2.020,-100.00,LOSS,0.5000,F1:0.5,away
2023-04-15T16:00:00.000Z,Manchester City,Leicester,0-1,-2/-2.5,AWAY,2.000,0.00,PUSH,-2.0000,F1:-2,draw
2023-04-17T16:00:00.000Z,Leeds,Liverpool,1-6,+0.5/+1,HOME,2.020,-100.00,LOSS,0.5000,F1:0.5,away
2023-04-21T16:00:00.000Z,Arsenal,Southampton,3-3,-2,AWAY,1.800,80.00,WIN,-2.0000,F1:-2,away
2023-04-21T16:00:00.000Z,Liverpool,Nottingham Forest,3-2,-2/-2.5,AWAY,1.830,83.00,WIN,-2.0000,F1:-2,away
2023-04-26T16:00:00.000Z,Nottingham Forest,Brighton,3-1,+1,HOME,1.850,85.00,WIN,1.0000,F1:1,home
2023-04-26T16:00:00.000Z,West Ham,Liverpool,1-2,+0.5/+1,HOME,1.700,-100.00,LOSS,0.5000,F1:0.5,away
2023-04-27T16:00:00.000Z,Everton,Newcastle,1-4,+0.5/+1,HOME,1.790,-100.00,LOSS,0.5000,F1:0.5,away
2023-04-28T16:00:00.000Z,Brighton,Wolves,6-0,-1,AWAY,1.810,-100.00,LOSS,-1.0000,F1:-1,home
2023-04-29T16:00:00.000Z,Fulham,Manchester City,1-2,+1.5/+2,HOME,1.890,89.00,WIN,1.5000,F1:1.5,home
2023-04-29T16:00:00.000Z,Liverpool,Tottenham,1-2,-1,AWAY,2.110,0.00,PUSH,-1.0000,F1:-1,draw
2023-04-29T16:00:00.000Z,Newcastle,Southampton,1-4,-1.5/-2,AWAY,1.990,-100.00,LOSS,-1.5000,F1:-1.5,home
2023-05-02T16:00:00.000Z,Arsenal,Chelsea,3-1,-1,AWAY,1.830,-100.00,LOSS,-1.0000,F1:-1,home
2023-05-03T16:00:00.000Z,Liverpool,Fulham,1-0,-1.5/-2,AWAY,1.820,82.00,WIN,-1.5000,F1:-1.5,away
2023-05-03T16:00:00.000Z,Manchester City,West Ham,3-0,-2,AWAY,2.050,-100.00,LOSS,-2.0000,F1:-2,home
2023-05-05T16:00:00.000Z,Manchester City,Leeds,2-1,-2/-2.5,AWAY,1.900,90.00,WIN,-2.0000,F1:-2,away
2023-05-06T16:00:00.000Z,Liverpool,Brentford,1-0,-1/-1.5,AWAY,2.040,0.00,PUSH,-1.0000,F1:-1,draw
2023-05-08T16:00:00.000Z,Brighton,Everton,1-5,-1/-1.5,AWAY,2.200,120.00,WIN,-1.0000,F1:-1,away
2023-05-12T16:00:00.000Z,Leeds,Newcastle,2-2,+1,HOME,1.820,82.00,WIN,1.0000,F1:1,home
2023-05-12T16:00:00.000Z,Manchester Utd,Wolves,2-0,-1/-1.5,AWAY,2.060,-100.00,LOSS,-1.0000,F1:-1,home
2023-05-12T16:00:00.000Z,Chelsea,Nottingham Forest,2-2,-1,AWAY,1.860,86.00,WIN,-1.0000,F1:-1,away
2023-05-13T16:00:00.000Z,Everton,Manchester City,0-3,+1/+1.5,HOME,1.980,-100.00,LOSS,1.0000,F1:1,away
2023-05-15T16:00:00.000Z,Leicester,Liverpool,0-3,+0.5/+1,HOME,2.000,-100.00,LOSS,0.5000,F1:0.5,away
2023-05-19T16:00:00.000Z,Bournemouth,Manchester Utd,0-1,+1/+1.5,HOME,2.090,0.00,PUSH,1.0000,F1:1,draw
2023-05-19T16:00:00.000Z,Liverpool,Aston Villa,1-3,-1/-1.5,AWAY,1.870,87.00,WIN,-1.0000,F1:-1,away
2023-05-20T16:00:00.000Z,Nottingham Forest,Arsenal,5-0,+1,HOME,1.790,79.00,WIN,1.0000,F1:1,home
2023-05-20T16:00:00.000Z,Manchester City,Chelsea,1-0,-1,AWAY,1.870,0.00,PUSH,-1.0000,F1:-1,draw
2023-05-20T16:00:00.000Z,Brighton,Southampton,3-1,-2,AWAY,1.940,0.00,PUSH,-2.0000,F1:-2,draw
2023-05-22T16:00:00.000Z,Newcastle,Leicester,0-0,-1.5/-2,AWAY,1.840,84.00,WIN,-1.5000,F1:-1.5,away
2023-05-24T16:00:00.000Z,Brighton,Manchester City,1-1,+0.5/+1,HOME,1.840,84.00,WIN,0.5000,F1:0.5,home
2023-05-25T16:00:00.000Z,Manchester Utd,Chelsea,4-1,-1,AWAY,2.020,-100.00,LOSS,-1.0000,F1:-1,home
2023-05-27T16:00:00.000Z,Southampton,Liverpool,4-4,+1/+1.5,HOME,1.870,87.00,WIN,1.0000,F1:1,home
2023-05-27T16:00:00.000Z,Everton,Bournemouth,3-0,-1,AWAY,1.820,0.00,PUSH,-1.0000,F1:-1,draw
2023-05-27T16:00:00.000Z,Manchester Utd,Fulham,1-2,-1/-1.5,AWAY,1.900,0.00,PUSH,-1.0000,F1:-1,draw
2023-05-27T16:00:00.000Z,Arsenal,Wolves,5-0,-1.5/-2,AWAY,1.910,-100.00,LOSS,-1.5000,F1:-1.5,home
2023-08-11T16:00:00.000Z,Burnley,Manchester City,0-3,+1.5/+2,HOME,1.730,-100.00,LOSS,1.5000,F1:1.5,away
2023-08-11T16:00:00.000Z,Brighton,Luton,4-1,-1.5/-2,AWAY,1.880,-100.00,LOSS,-1.5000,F1:-1.5,home
2023-08-11T16:00:00.000Z,Arsenal,Nottingham Forest,1-2,-2,AWAY,1.980,98.00,WIN,-2.0000,F1:-2,away
2023-08-14T16:00:00.000Z,Manchester Utd,Wolves,1-0,-1.5/-2,AWAY,1.880,88.00,WIN,-1.5000,F1:-1.5,away
2023-08-18T16:00:00.000Z,Wolves,Brighton,1-4,+0.5/+1,HOME,1.820,-100.00,LOSS,0.5000,F1:0.5,away
2023-08-18T16:00:00.000Z,Liverpool,Bournemouth,3-1,-2,AWAY,2.070,0.00,PUSH,-2.0000,F1:-2,draw
2023-08-21T16:00:00.000Z,Crystal Palace,Arsenal,5-0,+0.5/+1,HOME,1.830,-100.00,LOSS,0.5000,F1:0.5,away
2023-08-25T16:00:00.000Z,Bournemouth,Tottenham,0-2,+0.5/+1,HOME,1.690,-100.00,LOSS,0.5000,F1:0.5,away
2023-08-25T16:00:00.000Z,Chelsea,Luton,3-0,-1.5/-2,AWAY,1.820,-100.00,LOSS,-1.5000,F1:-1.5,home
2023-08-25T16:00:00.000Z,Manchester Utd,Nottingham Forest,3-2,-1.5/-2,AWAY,1.670,67.00,WIN,-1.5000,F1:-1.5,away
2023-08-25T16:00:00.000Z,Arsenal,Fulham,2-2,-1.5/-2,AWAY,1.910,91.00,WIN,-1.5000,F1:-1.5,away
2023-08-26T16:00:00.000Z,Sheff Utd,Manchester City,1-2,+1.5/+2,HOME,2.070,107.00,WIN,1.5000,F1:1.5,home
2023-08-26T16:00:00.000Z,Brighton,West Ham,0-0,-1/-1.5,AWAY,1.860,86.00,WIN,-1.0000,F1:-1,away
2023-09-01T16:00:00.000Z,Luton,West Ham,1-2,+0.5/+1,HOME,1.950,-100.00,LOSS,0.5000,F1:0.5,away
2023-09-01T16:00:00.000Z,Burnley,Tottenham,2-5,+0.5/+1,HOME,1.710,-100.00,LOSS,0.5000,F1:0.5,away
2023-09-01T16:00:00.000Z,Chelsea,Nottingham Forest,0-1,-1/-1.5,AWAY,2.000,100.00,WIN,-1.0000,F1:-1,away
2023-09-01T16:00:00.000Z,Manchester City,Fulham,5-1,-2/-2.5,AWAY,1.770,-100.00,LOSS,-2.0000,F1:-2,home
2023-09-02T16:00:00.000Z,Liverpool,Aston Villa,3-0,-1,AWAY,1.900,-100.00,LOSS,-1.0000,F1:-1,home
2023-09-15T16:00:00.000Z,West Ham,Manchester City,3-1,+1,HOME,1.850,-100.00,LOSS,1.0000,F1:1,away
2023-09-15T16:00:00.000Z,Wolves,Liverpool,1-3,+0.5/+1,HOME,2.040,-100.00,LOSS,0.5000,F1:0.5,away
2023-09-15T16:00:00.000Z,Tottenham,Sheff Utd,2-1,-1.5/-2,AWAY,1.920,92.00,WIN,-1.5000,F1:-1.5,away
2023-09-16T16:00:00.000Z,Everton,Arsenal,0-1,+1,HOME,1.980,0.00,PUSH,1.0000,F1:1,draw
2023-09-16T16:00:00.000Z,Bournemouth,Chelsea,0-0,+0.5/+1,HOME,1.830,83.00,WIN,0.5000,F1:0.5,home
2023-09-22T16:00:00.000Z,Manchester City,Nottingham Forest,0-2,-2/-2.5,AWAY,1.790,0.00,PUSH,-2.0000,F1:-2,draw
2023-09-23T16:00:00.000Z,Sheff Utd,Newcastle,0-8,+1/+1.5,HOME,1.760,-100.00,LOSS,1.0000,F1:1,away
2023-09-23T16:00:00.000Z,Burnley,Manchester Utd,0-1,+0.5/+1,HOME,1.850,-100.00,LOSS,0.5000,F1:0.5,away
2023-09-23T16:00:00.000Z,Brighton,Bournemouth,3-1,-1/-1.5,AWAY,1.880,-100.00,LOSS,-1.0000,F1:-1,home
2023-09-23T16:00:00.000Z,Arsenal,Tottenham,2-2,-1,AWAY,1.860,86.00,WIN,-1.0000,F1:-1,away
2023-09-23T16:00:00.000Z,Liverpool,West Ham,2-2,-1.5/-2,AWAY,1.720,-100.00,LOSS,-1.5000,F1:-1.5,home
2023-09-29T16:00:00.000Z,Wolves,Manchester City,2-1,+1/+1.5,HOME,2.010,101.00,WIN,1.0000,F1:1,home
2023-09-29T16:00:00.000Z,Bournemouth,Arsenal,0-4,+1/+1.5,HOME,1.790,-100.00,LOSS,1.0000,F1:1,away
2023-09-29T16:00:00.000Z,Manchester Utd,Crystal Palace,4-0,-1,AWAY,1.980,98.00,WIN,-1.0000,F1:-1,away
2023-09-29T16:00:00.000Z,Newcastle,Burnley,2-0,-1/-1.5,AWAY,2.120,-100.00,LOSS,-1.0000,F1:-1,home
2023-09-29T16:00:00.000Z,West Ham,Sheff Utd,2-0,-1/-1.5,AWAY,1.880,-100.00,LOSS,-1.0000,F1:-1,home
2023-10-06T16:00:00.000Z,Luton,Tottenham,0-1,+1/+1.5,HOME,2.070,0.00,PUSH,1.0000,F1:1,draw
2023-10-06T16:00:00.000Z,Burnley,Chelsea,1-4,+0.5/+1,HOME,2.070,-100.00,LOSS,0.5000,F1:0.5,away
2023-10-06T16:00:00.000Z,Manchester Utd,Brentford,2-1,-1,AWAY,1.870,0.00,PUSH,-1.0000,F1:-1,draw
2023-10-06T16:00:00.000Z,Fulham,Sheff Utd,3-1,-1,AWAY,2.030,-100.00,LOSS,-1.0000,F1:-1,home
2023-10-07T16:00:00.000Z,Brighton,Liverpool,2-2,+0.5/+1,HOME,1.690,69.00,WIN,0.5000,F1:0.5,home
2023-10-20T16:00:00.000Z,Newcastle,Crystal Palace,4-0,-1/-1.5,AWAY,1.840,-100.00,LOSS,-1.0000,F1:-1,home
2023-10-20T16:00:00.000Z,Manchester City,Brighton,0-4,-1.5/-2,AWAY,1.730,73.00,WIN,-1.5000,F1:-1.5,away
2023-10-20T16:00:00.000Z,Liverpool,Everton,2-0,-1.5/-2,AWAY,1.670,-100.00,LOSS,-1.5000,F1:-1.5,home
2023-10-21T16:00:00.000Z,Sheff Utd,Manchester Utd,1-2,+1.5/+2,HOME,1.730,73.00,WIN,1.5000,F1:1.5,home
2023-10-23T16:00:00.000Z,Tottenham,Fulham,2-0,-1/-1.5,AWAY,1.850,-100.00,LOSS,-1.0000,F1:-1,home
2023-10-27T16:00:00.000Z,Crystal Palace,Tottenham,1-2,+0.5/+1,HOME,1.890,-100.00,LOSS,0.5000,F1:0.5,away
2023-10-27T16:00:00.000Z,Chelsea,Brentford,0-2,-1,AWAY,1.820,82.00,WIN,-1.0000,F1:-1,away
2023-10-27T16:00:00.000Z,Arsenal,Sheff Utd,5-0,-2/-2.5,AWAY,2.080,-100.00,LOSS,-2.0000,F1:-2,home
2023-10-28T16:00:00.000Z,Manchester Utd,Manchester City,3-1,+1,HOME,1.920,-100.00,LOSS,1.0000,F1:1,away
2023-10-28T16:00:00.000Z,Wolves,Newcastle,2-2,+0.5/+1,HOME,1.780,78.00,WIN,0.5000,F1:0.5,home
2023-10-28T16:00:00.000Z,Brighton,Fulham,1-1,-1,AWAY,1.900,90.00,WIN,-1.0000,F1:-1,away
2023-10-28T16:00:00.000Z,Aston Villa,Luton,3-1,-1.5/-2,AWAY,1.740,-100.00,LOSS,-1.5000,F1:-1.5,home
2023-10-28T16:00:00.000Z,Liverpool,Nottingham Forest,3-0,-2,AWAY,1.810,-100.00,LOSS,-2.0000,F1:-2,home
2023-11-03T16:00:00.000Z,Sheff Utd,Wolves,2-1,+0.5/+1,HOME,1.820,82.00,WIN,0.5000,F1:0.5,home
2023-11-03T16:00:00.000Z,Manchester City,Bournemouth,6-1,-2.5/-3,AWAY,1.870,-100.00,LOSS,-2.5000,F1:-2.5,home
2023-11-04T16:00:00.000Z,Nottingham Forest,Aston Villa,2-0,+0.5/+1,HOME,1.750,75.00,WIN,0.5000,F1:0.5,home
2023-11-05T16:00:00.000Z,Luton,Liverpool,1-1,+2,HOME,2.050,105.00,WIN,2.0000,F1:2,home
2023-11-10T16:00:00.000Z,Manchester Utd,Luton,1-0,-1.5/-2,AWAY,1.890,89.00,WIN,-1.5000,F1:-1.5,away
2023-11-10T16:00:00.000Z,Arsenal,Burnley,3-1,-2,AWAY,1.860,0.00,PUSH,-2.0000,F1:-2,draw
2023-11-11T16:00:00.000Z,Bournemouth,Newcastle,2-0,+0.5/+1,HOME,1.750,75.00,WIN,0.5000,F1:0.5,home
2023-11-11T16:00:00.000Z,Liverpool,Brentford,3-0,-1.5/-2,AWAY,1.710,-100.00,LOSS,-1.5000,F1:-1.5,home
2023-11-11T16:00:00.000Z,Brighton,Sheff Utd,1-1,-1.5/-2,AWAY,1.870,87.00,WIN,-1.5000,F1:-1.5,away
2023-11-12T16:00:00.000Z,Chelsea,Manchester City,4-4,+0.5/+1,HOME,1.970,97.00,WIN,0.5000,F1:0.5,home
2023-11-24T16:00:00.000Z,Luton,Crystal Palace,2-1,+0.5/+1,HOME,1.660,66.00,WIN,0.5000,F1:0.5,home
2023-11-25T16:00:00.000Z,Brentford,Arsenal,0-1,+0.5/+1,HOME,2.110,-100.00,LOSS,0.5000,F1:0.5,away
2023-12-01T16:00:00.000Z,Brentford,Luton,3-1,-1,AWAY,2.040,-100.00,LOSS,-1.0000,F1:-1,home
2023-12-01T16:00:00.000Z,Arsenal,Wolves,2-1,-1.5/-2,AWAY,1.980,98.00,WIN,-1.5000,F1:-1.5,away
2023-12-02T16:00:00.000Z,Chelsea,Brighton,3-2,-1,AWAY,1.900,0.00,PUSH,-1.0000,F1:-1,draw
2023-12-02T16:00:00.000Z,Liverpool,Fulham,4-3,-1.5/-2,AWAY,2.080,108.00,WIN,-1.5000,F1:-1.5,away
2023-12-03T16:00:00.000Z,Manchester City,Tottenham,3-3,-2,AWAY,1.830,83.00,WIN,-2.0000,F1:-2,away
2023-12-05T16:00:00.000Z,Luton,Arsenal,3-4,+1.5/+2,HOME,2.110,111.00,WIN,1.5000,F1:1.5,home
2023-12-06T16:00:00.000Z,Sheff Utd,Liverpool,0-2,+2/+2.5,HOME,1.870,0.00,PUSH,2.0000,F1:2,draw
2023-12-06T16:00:00.000Z,Aston Villa,Manchester City,1-0,+0.5/+1,HOME,2.130,113.00,WIN,0.5000,F1:0.5,home
2023-12-08T16:00:00.000Z,Crystal Palace,Liverpool,0-1,+1/+1.5,HOME,1.800,0.00,PUSH,1.0000,F1:1,draw
2023-12-08T16:00:00.000Z,Sheff Utd,Brentford,1-0,+0.5/+1,HOME,1.870,87.00,WIN,0.5000,F1:0.5,home
2023-12-08T16:00:00.000Z,Brighton,Burnley,1-1,-1/-1.5,AWAY,1.790,79.00,WIN,-1.0000,F1:-1,away
2023-12-09T16:00:00.000Z,Luton,Manchester City,1-2,+1.5/+2,HOME,2.170,117.00,WIN,1.5000,F1:1.5,home
2023-12-15T16:00:00.000Z,Nottingham Forest,Tottenham,0-2,+0.5/+1,HOME,2.090,-100.00,LOSS,0.5000,F1:0.5,away
2023-12-15T16:00:00.000Z,Manchester City,Crystal Palace,2-4,-2,AWAY,1.900,90.00,WIN,-2.0000,F1:-2,away
2023-12-15T16:00:00.000Z,Chelsea,Sheff Utd,2-0,-2,AWAY,1.990,0.00,PUSH,-2.0000,F1:-2,draw
2023-12-16T16:00:00.000Z,Arsenal,Brighton,2-0,-1/-1.5,AWAY,1.910,-100.00,LOSS,-1.0000,F1:-1,home
2023-12-17T16:00:00.000Z,Liverpool,Manchester Utd,0-0,-1.5/-2,AWAY,1.780,78.00,WIN,-1.5000,F1:-1.5,away
2023-12-22T16:00:00.000Z,Luton,Newcastle,1-0,+1,HOME,1.850,85.00,WIN,1.0000,F1:1,home
2023-12-22T16:00:00.000Z,Aston Villa,Sheff Utd,1-1,-2,AWAY,1.860,86.00,WIN,-2.0000,F1:-2,away
2023-12-25T16:00:00.000Z,Newcastle,Nottingham Forest,1-3,-1/-1.5,AWAY,2.080,108.00,WIN,-1.0000,F1:-1,away
2023-12-26T16:00:00.000Z,Burnley,Liverpool,0-2,+1.5/+2,HOME,1.690,-100.00,LOSS,1.5000,F1:1.5,away
2023-12-27T16:00:00.000Z,Everton,Manchester City,2-0,+1,HOME,1.820,-100.00,LOSS,1.0000,F1:1,away
2023-12-28T16:00:00.000Z,Arsenal,West Ham,0-2,-1.5/-2,AWAY,1.850,85.00,WIN,-1.5000,F1:-1.5,away
2023-12-29T16:00:00.000Z,Luton,Chelsea,2-3,+1,HOME,1.950,0.00,PUSH,1.0000,F1:1,draw
2023-12-29T16:00:00.000Z,Aston Villa,Burnley,3-2,-1/-1.5,AWAY,2.100,0.00,PUSH,-1.0000,F1:-1,draw
2023-12-29T16:00:00.000Z,Manchester City,Sheff Utd,2-0,-2.5/-3,AWAY,1.850,0.00,PUSH,-2.5000,F1:-2.5,draw
2023-12-30T16:00:00.000Z,Fulham,Arsenal,2-1,+1,HOME,1.920,92.00,WIN,1.0000,F1:1,home
2024-01-01T16:00:00.000Z,Liverpool,Newcastle,4-2,-1/-1.5,AWAY,2.190,-100.00,LOSS,-1.0000,F1:-1,home
2024-01-12T16:00:00.000Z,Chelsea,Fulham,1-0,-1,AWAY,1.860,0.00,PUSH,-1.0000,F1:-1,draw
2024-01-13T16:00:00.000Z,Newcastle,Manchester City,2-3,+0.5/+1,HOME,2.080,-100.00,LOSS,0.5000,F1:0.5,away
2024-01-19T16:00:00.000Z,Arsenal,Crystal Palace,5-0,-1.5/-2,AWAY,1.900,-100.00,LOSS,-1.5000,F1:-1.5,home
2024-01-21T16:00:00.000Z,Bournemouth,Liverpool,0-4,+0.5/+1,HOME,2.050,-100.00,LOSS,0.5000,F1:0.5,away
2024-01-30T16:00:00.000Z,Nottingham Forest,Arsenal,1-2,+1/+1.5,HOME,2.080,0.00,PUSH,1.0000,F1:1,draw
2024-01-30T16:00:00.000Z,Luton,Brighton,4-0,+0.5/+1,HOME,1.840,84.00,WIN,0.5000,F1:0.5,home
2024-01-31T16:00:00.000Z,Tottenham,Brentford,3-2,-1,AWAY,1.930,0.00,PUSH,-1.0000,F1:-1,draw
2024-01-31T16:00:00.000Z,Manchester City,Burnley,3-1,-2.5/-3,AWAY,1.710,0.00,PUSH,-2.5000,F1:-2.5,draw
2024-02-02T16:00:00.000Z,Newcastle,Luton,4-4,-1/-1.5,AWAY,1.760,76.00,WIN,-1.0000,F1:-1,away
2024-02-03T16:00:00.000Z,Sheff Utd,Aston Villa,0-5,+0.5/+1,HOME,2.160,-100.00,LOSS,0.5000,F1:0.5,away
2024-02-03T16:00:00.000Z,Manchester Utd,West Ham,3-0,-1,AWAY,1.960,-100.00,LOSS,-1.0000,F1:-1,home
2024-02-03T16:00:00.000Z,Chelsea,Wolves,2-4,-1,AWAY,2.040,104.00,WIN,-1.0000,F1:-1,away
2024-02-05T16:00:00.000Z,Brentford,Manchester City,1-3,+1.5/+2,HOME,1.650,-100.00,LOSS,1.5000,F1:1.5,away
2024-02-09T16:00:00.000Z,Manchester City,Everton,2-0,-1.5/-2,AWAY,1.920,-100.00,LOSS,-1.5000,F1:-1.5,home
2024-02-09T16:00:00.000Z,Liverpool,Burnley,3-1,-2/-2.5,AWAY,1.940,0.00,PUSH,-2.0000,F1:-2,draw
2024-02-10T16:00:00.000Z,West Ham,Arsenal,0-6,+1,HOME,1.990,-100.00,LOSS,1.0000,F1:1,away
2024-02-12T16:00:00.000Z,Crystal Palace,Chelsea,1-3,+0.5/+1,HOME,1.990,-100.00,LOSS,0.5000,F1:0.5,away
2024-02-16T16:00:00.000Z,Burnley,Arsenal,0-5,+1.5/+2,HOME,1.840,-100.00,LOSS,1.5000,F1:1.5,away
2024-02-16T16:00:00.000Z,Brentford,Liverpool,1-4,+1,HOME,1.820,-100.00,LOSS,1.0000,F1:1,away
2024-02-16T16:00:00.000Z,Tottenham,Wolves,1-2,-1/-1.5,AWAY,1.840,84.00,WIN,-1.0000,F1:-1,away
2024-02-17T16:00:00.000Z,Sheff Utd,Brighton,0-5,+0.5/+1,HOME,2.110,-100.00,LOSS,0.5000,F1:0.5,away
2024-02-17T16:00:00.000Z,Manchester City,Chelsea,1-1,-1.5/-2,AWAY,1.860,86.00,WIN,-1.5000,F1:-1.5,away
2024-02-18T16:00:00.000Z,Luton,Manchester Utd,1-0,+0.5/+1,HOME,1.960,-100.00,LOSS,0.5000,F1:0.5,away
2024-02-20T16:00:00.000Z,Manchester City,Brentford,1-3,-2,AWAY,2.030,103.00,WIN,-2.0000,F1:-2,away
2024-02-21T16:00:00.000Z,Liverpool,Luton,1-1,-1.5/-2,AWAY,1.940,-100.00,LOSS,-1.5000,F1:-1.5,home
2024-02-23T16:00:00.000Z,Aston Villa,Nottingham Forest,2-0,-1,AWAY,1.930,-100.00,LOSS,-1.0000,F1:-1,home
2024-02-24T16:00:00.000Z,Bournemouth,Manchester City,6-1,+1/+1.5,HOME,1.960,0.00,PUSH,1.0000,F1:1,draw
2024-02-24T16:00:00.000Z,Wolves,Sheff Utd,1-0,-1/-1.5,AWAY,1.820,0.00,PUSH,-1.0000,F1:-1,draw
2024-02-24T16:00:00.000Z,Arsenal,Newcastle,4-1,-1.5/-2,AWAY,1.740,-100.00,LOSS,-1.5000,F1:-1.5,home
2024-03-01T16:00:00.000Z,Nottingham Forest,Liverpool,0-1,+1,HOME,1.950,0.00,PUSH,1.0000,F1:1,draw
2024-03-01T16:00:00.000Z,Tottenham,Crystal Palace,3-1,-1/-1.5,AWAY,1.790,-100.00,LOSS,-1.0000,F1:-1,home
2024-03-02T16:00:00.000Z,Luton,Aston Villa,2-3,+0.5/+1,HOME,2.040,-100.00,LOSS,0.5000,F1:0.5,away
2024-03-02T16:00:00.000Z,Manchester City,Manchester Utd,3-1,-1.5/-2,AWAY,1.960,-100.00,LOSS,-1.5000,F1:-1.5,home
2024-03-04T16:00:00.000Z,Sheff Utd,Arsenal,0-6,+2/+2.5,HOME,1.740,-100.00,LOSS,2.0000,F1:2,away
2024-03-08T16:00:00.000Z,Bournemouth,Sheff Utd,2-2,-1.5/-2,AWAY,1.760,76.00,WIN,-1.5000,F1:-1.5,away
2024-03-09T16:00:00.000Z,Arsenal,Brentford,0-1,-1.5/-2,AWAY,2.120,112.00,WIN,-1.5000,F1:-1.5,away
2024-03-13T16:00:00.000Z,Bournemouth,Luton,4-3,-1,AWAY,1.980,0.00,PUSH,-1.0000,F1:-1,draw
2024-03-16T16:00:00.000Z,Fulham,Tottenham,2-0,+0.5/+1,HOME,1.710,71.00,WIN,0.5000,F1:0.5,home
2024-03-29T16:00:00.000Z,Sheff Utd,Fulham,3-3,+0.5/+1,HOME,2.040,104.00,WIN,0.5000,F1:0.5,home
2024-03-29T16:00:00.000Z,Chelsea,Burnley,2-2,-1.5/-2,AWAY,1.990,99.00,WIN,-1.5000,F1:-1.5,away
2024-03-29T16:00:00.000Z,Tottenham,Luton,2-1,-2,AWAY,2.050,105.00,WIN,-2.0000,F1:-2,away
2024-03-30T16:00:00.000Z,Brentford,Manchester Utd,1-1,+0.5/+1,HOME,1.720,72.00,WIN,0.5000,F1:0.5,home
2024-03-30T16:00:00.000Z,Aston Villa,Wolves,2-0,-1,AWAY,2.040,-100.00,LOSS,-1.0000,F1:-1,home
2024-03-30T16:00:00.000Z,Liverpool,Brighton,2-1,-1.5/-2,AWAY,1.930,93.00,WIN,-1.5000,F1:-1.5,away
2024-04-03T16:00:00.000Z,Manchester City,Aston Villa,4-1,-1.5/-2,AWAY,2.030,-100.00,LOSS,-1.5000,F1:-1.5,home
2024-04-03T16:00:00.000Z,Arsenal,Luton,2-0,-2/-2.5,AWAY,2.160,0.00,PUSH,-2.0000,F1:-2,draw
2024-04-04T16:00:00.000Z,Liverpool,Sheff Utd,3-1,-3,AWAY,1.930,0.00,PUSH,-3.0000,F1:-3,draw
2024-04-05T16:00:00.000Z,Crystal Palace,Manchester City,2-4,+1/+1.5,HOME,2.070,-100.00,LOSS,1.0000,F1:1,away
2024-04-05T16:00:00.000Z,Luton,Bournemouth,2-1,+0.5/+1,HOME,1.700,70.00,WIN,0.5000,F1:0.5,home
2024-04-05T16:00:00.000Z,Aston Villa,Brentford,3-3,-1,AWAY,1.840,84.00,WIN,-1.0000,F1:-1,away
2024-04-06T16:00:00.000Z,Brighton,Arsenal,0-3,+1,HOME,2.070,-100.00,LOSS,1.0000,F1:1,away
2024-04-06T16:00:00.000Z,Manchester Utd,Liverpool,2-2,+1,HOME,1.950,95.00,WIN,1.0000,F1:1,home
2024-04-07T16:00:00.000Z,Sheff Utd,Chelsea,2-2,+1/+1.5,HOME,2.050,105.00,WIN,1.0000,F1:1,home
2024-04-07T16:00:00.000Z,Tottenham,Nottingham Forest,3-1,-1/-1.5,AWAY,1.970,-100.00,LOSS,-1.0000,F1:-1,home
2024-04-12T16:00:00.000Z,Burnley,Brighton,1-1,+0.5/+1,HOME,1.750,75.00,WIN,0.5000,F1:0.5,home
2024-04-12T16:00:00.000Z,Brentford,Sheff Utd,2-0,-1/-1.5,AWAY,1.870,-100.00,LOSS,-1.0000,F1:-1,home
2024-04-12T16:00:00.000Z,Manchester City,Luton,5-1,-2.5/-3,AWAY,1.900,-100.00,LOSS,-2.5000,F1:-2.5,home
2024-04-13T16:00:00.000Z,Arsenal,Aston Villa,0-2,-1.5/-2,AWAY,1.930,93.00,WIN,-1.5000,F1:-1.5,away
2024-04-13T16:00:00.000Z,Liverpool,Crystal Palace,0-1,-2,AWAY,2.070,107.00,WIN,-2.0000,F1:-2,away
2024-04-20T16:00:00.000Z,Wolves,Arsenal,0-2,+1.5/+2,HOME,1.910,-100.00,LOSS,1.5000,F1:1.5,away
2024-04-20T16:00:00.000Z,Fulham,Liverpool,4-3,+0.5/+1,HOME,2.080,-100.00,LOSS,0.5000,F1:0.5,away
2024-04-23T16:00:00.000Z,Arsenal,Chelsea,5-0,-1/-1.5,AWAY,2.040,-100.00,LOSS,-1.0000,F1:-1,home
2024-04-24T16:00:00.000Z,Everton,Liverpool,2-0,+1/+1.5,HOME,2.040,104.00,WIN,1.0000,F1:1,home
2024-04-24T16:00:00.000Z,Manchester Utd,Sheff Utd,4-2,-1.5/-2,AWAY,1.850,-100.00,LOSS,-1.5000,F1:-1.5,home
2024-04-25T16:00:00.000Z,Brighton,Manchester City,0-4,+1.5/+2,HOME,1.730,-100.00,LOSS,1.5000,F1:1.5,away
2024-04-26T16:00:00.000Z,West Ham,Liverpool,2-2,+1/+1.5,HOME,1.800,80.00,WIN,1.0000,F1:1,home
2024-04-26T16:00:00.000Z,Manchester Utd,Burnley,1-1,-1/-1.5,AWAY,1.890,89.00,WIN,-1.0000,F1:-1,away
2024-04-26T16:00:00.000Z,Newcastle,Sheff Utd,5-1,-2,AWAY,1.920,-100.00,LOSS,-2.0000,F1:-2,home
2024-04-27T16:00:00.000Z,Nottingham Forest,Manchester City,0-2,+1.5/+2,HOME,1.850,-100.00,LOSS,1.5000,F1:1.5,away
2024-04-27T16:00:00.000Z,Tottenham,Arsenal,2-3,+0.5/+1,HOME,1.980,-100.00,LOSS,0.5000,F1:0.5,away
2024-05-03T16:00:00.000Z,Sheff Utd,Nottingham Forest,1-3,+1,HOME,1.860,-100.00,LOSS,1.0000,F1:1,away
2024-05-03T16:00:00.000Z,Burnley,Newcastle,1-4,+0.5/+1,HOME,1.750,-100.00,LOSS,0.5000,F1:0.5,away
2024-05-03T16:00:00.000Z,Arsenal,Bournemouth,3-0,-2,AWAY,1.850,-100.00,LOSS,-2.0000,F1:-2,home
2024-05-04T16:00:00.000Z,Liverpool,Tottenham,4-2,-1/-1.5,AWAY,2.000,-100.00,LOSS,-1.0000,F1:-1,home
2024-05-04T16:00:00.000Z,Chelsea,West Ham,5-0,-1/-1.5,AWAY,1.910,-100.00,LOSS,-1.0000,F1:-1,home
2024-05-04T16:00:00.000Z,Manchester City,Wolves,5-1,-2.5/-3,AWAY,1.860,-100.00,LOSS,-2.5000,F1:-2.5,home
2024-05-10T16:00:00.000Z,Fulham,Manchester City,0-4,+2,HOME,1.850,-100.00,LOSS,2.0000,F1:2,away
2024-05-10T16:00:00.000Z,Newcastle,Brighton,1-1,-1,AWAY,2.030,103.00,WIN,-1.0000,F1:-1,away
2024-05-10T16:00:00.000Z,Everton,Sheff Utd,1-0,-1/-1.5,AWAY,2.050,0.00,PUSH,-1.0000,F1:-1,draw
2024-05-10T16:00:00.000Z,Tottenham,Burnley,2-1,-1.5/-2,AWAY,1.980,98.00,WIN,-1.5000,F1:-1.5,away
2024-05-11T16:00:00.000Z,Manchester Utd,Arsenal,0-1,+2,HOME,1.750,75.00,WIN,2.0000,F1:2,home
2024-05-11T16:00:00.000Z,Nottingham Forest,Chelsea,2-3,+0.5/+1,HOME,1.820,-100.00,LOSS,0.5000,F1:0.5,away
2024-05-13T16:00:00.000Z,Aston Villa,Liverpool,3-3,+0.5/+1,HOME,1.920,92.00,WIN,0.5000,F1:0.5,home
2024-05-14T16:00:00.000Z,Tottenham,Manchester City,0-2,+1/+1.5,HOME,2.110,-100.00,LOSS,1.0000,F1:1,away
2024-05-15T16:00:00.000Z,Brighton,Chelsea,1-2,+0.5/+1,HOME,1.700,-100.00,LOSS,0.5000,F1:0.5,away
2024-05-18T16:00:00.000Z,Sheff Utd,Tottenham,0-3,+1.5/+2,HOME,1.810,-100.00,LOSS,1.5000,F1:1.5,away
2024-05-18T16:00:00.000Z,Chelsea,Bournemouth,2-1,-1/-1.5,AWAY,2.160,0.00,PUSH,-1.0000,F1:-1,draw
2024-05-18T16:00:00.000Z,Arsenal,Everton,0-1,-2,AWAY,1.900,90.00,WIN,-2.0000,F1:-2,away
2024-05-18T16:00:00.000Z,Liverpool,Wolves,2-0,-2.5/-3,AWAY,1.810,0.00,PUSH,-2.5000,F1:-2.5,draw
2024-05-18T16:00:00.000Z,Manchester City,West Ham,3-1,-3,AWAY,1.930,0.00,PUSH,-3.0000,F1:-3,draw
2024-08-16T16:00:00.000Z,Ipswich,Liverpool,4-1,+1.5/+2,HOME,1.820,-100.00,LOSS,1.5000,F1:1.5,away
2024-08-16T16:00:00.000Z,Newcastle,Southampton,1-0,-1/-1.5,AWAY,2.050,0.00,PUSH,-1.0000,F1:-1,draw
2024-08-16T16:00:00.000Z,Arsenal,Wolves,2-0,-2/-2.5,AWAY,1.850,0.00,PUSH,-2.0000,F1:-2,draw
2024-08-17T16:00:00.000Z,Chelsea,Manchester City,0-2,+0.5/+1,HOME,1.700,-100.00,LOSS,0.5000,F1:0.5,away
2024-08-19T16:00:00.000Z,Leicester,Tottenham,1-1,+0.5/+1,HOME,2.050,105.00,WIN,0.5000,F1:0.5,home
2024-08-23T16:00:00.000Z,Tottenham,Everton,4-0,-1.5/-2,AWAY,1.700,-100.00,LOSS,-1.5000,F1:-1.5,home
2024-08-23T16:00:00.000Z,Manchester City,Ipswich,0-6,-2.5/-3,AWAY,1.820,-100.00,LOSS,-2.5000,F1:-2.5,home
2024-08-24T16:00:00.000Z,Aston Villa,Arsenal,0-2,+0.5/+1,HOME,2.000,-100.00,LOSS,0.5000,F1:0.5,away
2024-08-24T16:00:00.000Z,Wolves,Chelsea,2-6,+0.5/+1,HOME,1.790,-100.00,LOSS,0.5000,F1:0.5,away
2024-08-24T16:00:00.000Z,Liverpool,Brentford,2-0,-2,AWAY,1.880,0.00,PUSH,-2.0000,F1:-2,draw
2024-08-30T16:00:00.000Z,Leicester,Aston Villa,2-1,+0.5/+1,HOME,1.760,-100.00,LOSS,0.5000,F1:0.5,away
2024-08-30T16:00:00.000Z,Arsenal,Brighton,1-1,-1.5/-2,AWAY,1.680,68.00,WIN,-1.5000,F1:-1.5,away
2024-08-31T16:00:00.000Z,West Ham,Manchester City,1-3,+1/+1.5,HOME,2.030,-100.00,LOSS,1.0000,F1:1,away
2024-08-31T16:00:00.000Z,Manchester Utd,Liverpool,0-3,+0.5/+1,HOME,1.770,-100.00,LOSS,0.5000,F1:0.5,away
2024-08-31T16:00:00.000Z,Chelsea,Crystal Palace,1-1,-1,AWAY,1.870,87.00,WIN,-1.0000,F1:-1,away
2024-09-13T16:00:00.000Z,Southampton,Manchester Utd,0-3,+0.5/+1,HOME,1.860,-100.00,LOSS,0.5000,F1:0.5,away
2024-09-13T16:00:00.000Z,Brighton,Ipswich,0-0,-1/-1.5,AWAY,1.860,86.00,WIN,-1.0000,F1:-1,away
2024-09-13T16:00:00.000Z,Manchester City,Brentford,2-2,-2,AWAY,1.870,87.00,WIN,-2.0000,F1:-2,away
2024-09-13T16:00:00.000Z,Liverpool,Nottingham Forest,0-1,-2,AWAY,1.830,83.00,WIN,-2.0000,F1:-2,away
2024-09-14T16:00:00.000Z,Aston Villa,Everton,3-2,-1,AWAY,1.800,0.00,PUSH,-1.0000,F1:-1,draw
2024-09-20T16:00:00.000Z,West Ham,Chelsea,0-3,+0.5/+1,HOME,1.710,-100.00,LOSS,0.5000,F1:0.5,away
2024-09-20T16:00:00.000Z,Aston Villa,Wolves,3-1,-1,AWAY,1.800,-100.00,LOSS,-1.0000,F1:-1,home
2024-09-20T16:00:00.000Z,Tottenham,Brentford,0-2,-1/-1.5,AWAY,1.940,-100.00,LOSS,-1.0000,F1:-1,home
2024-09-20T16:00:00.000Z,Liverpool,Bournemouth,3-0,-1.5/-2,AWAY,2.030,-100.00,LOSS,-1.5000,F1:-1.5,home
2024-09-27T16:00:00.000Z,Newcastle,Manchester City,4-0,+1,HOME,1.790,79.00,WIN,1.0000,F1:1,home
2024-09-27T16:00:00.000Z,Arsenal,Leicester,4-2,-2,AWAY,1.850,0.00,PUSH,-2.0000,F1:-2,draw
2024-09-28T16:00:00.000Z,Wolves,Liverpool,1-2,+1.5/+2,HOME,1.870,87.00,WIN,1.5000,F1:1.5,home
2024-09-28T16:00:00.000Z,Ipswich,Aston Villa,2-2,+0.5/+1,HOME,1.680,68.00,WIN,0.5000,F1:0.5,home
2024-09-30T16:00:00.000Z,Bournemouth,Southampton,3-1,-1,AWAY,2.020,-100.00,LOSS,-1.0000,F1:-1,home
2024-10-04T16:00:00.000Z,Crystal Palace,Liverpool,0-1,+1,HOME,1.790,0.00,PUSH,1.0000,F1:1,draw
2024-10-04T16:00:00.000Z,West Ham,Ipswich,1-3,-0.5/-1,AWAY,1.750,-100.00,LOSS,-0.5000,F1:-0.5,home
2024-10-04T16:00:00.000Z,Manchester City,Fulham,3-2,-1.5/-2,AWAY,1.940,94.00,WIN,-1.5000,F1:-1.5,away
2024-10-04T16:00:00.000Z,Arsenal,Southampton,1-2,-2,AWAY,2.050,0.00,PUSH,-2.0000,F1:-2,draw
2024-10-05T16:00:00.000Z,Everton,Newcastle,0-0,+0.5/+1,HOME,1.720,72.00,WIN,0.5000,F1:0.5,home
2024-10-05T16:00:00.000Z,Chelsea,Nottingham Forest,1-1,-1/-1.5,AWAY,1.870,87.00,WIN,-1.0000,F1:-1,away
2024-10-18T16:00:00.000Z,Newcastle,Brighton,0-1,-0.5/-1,AWAY,1.930,93.00,WIN,-0.5000,F1:-0.5,away
2024-10-18T16:00:00.000Z,Tottenham,West Ham,4-1,-1/-1.5,AWAY,1.960,-100.00,LOSS,-1.0000,F1:-1,home
2024-10-18T16:00:00.000Z,Manchester Utd,Brentford,2-1,-1,AWAY,1.840,0.00,PUSH,-1.0000,F1:-1,draw
2024-10-19T16:00:00.000Z,Wolves,Manchester City,1-2,+1.5/+2,HOME,1.700,70.00,WIN,1.5000,F1:1.5,home
2024-10-19T16:00:00.000Z,Bournemouth,Arsenal,1-2,+0.5/+1,HOME,1.930,93.00,WIN,0.5000,F1:0.5,home
2024-10-19T16:00:00.000Z,Liverpool,Chelsea,2-1,-0.5/-1,AWAY,1.950,-100.00,LOSS,-0.5000,F1:-0.5,home
2024-10-25T16:00:00.000Z,Aston Villa,Bournemouth,1-1,-0.5/-1,AWAY,1.910,91.00,WIN,-0.5000,F1:-0.5,away
2024-10-25T16:00:00.000Z,Brighton,Wolves,2-2,-1,AWAY,1.910,91.00,WIN,-1.0000,F1:-1,away
2024-10-25T16:00:00.000Z,Brentford,Ipswich,4-3,-1,AWAY,1.750,0.00,PUSH,-1.0000,F1:-1,draw
2024-10-25T16:00:00.000Z,Manchester City,Southampton,0-0,-2.5/-3,AWAY,1.770,77.00,WIN,-2.5000,F1:-2.5,away
2024-10-26T16:00:00.000Z,Crystal Palace,Tottenham,0-2,+0.5/+1,HOME,1.760,76.00,WIN,0.5000,F1:0.5,home
2024-10-26T16:00:00.000Z,Chelsea,Newcastle,2-1,-0.5/-1,AWAY,1.900,-100.00,LOSS,-0.5000,F1:-0.5,home
2024-11-01T16:00:00.000Z,Bournemouth,Manchester City,2-1,+1,HOME,1.970,97.00,WIN,1.0000,F1:1,home
2024-11-01T16:00:00.000Z,Newcastle,Arsenal,1-0,+0.5/+1,HOME,1.710,71.00,WIN,0.5000,F1:0.5,home
2024-11-01T16:00:00.000Z,Liverpool,Brighton,2-1,-1/-1.5,AWAY,2.090,0.00,PUSH,-1.0000,F1:-1,draw
2024-11-02T16:00:00.000Z,Tottenham,Aston Villa,4-1,-0.5/-1,AWAY,1.740,-100.00,LOSS,-0.5000,F1:-0.5,home
2024-11-08T16:00:00.000Z,Wolves,Southampton,2-0,-0.5/-1,AWAY,1.730,-100.00,LOSS,-0.5000,F1:-0.5,home
2024-11-09T16:00:00.000Z,Brighton,Manchester City,2-1,+0.5/+1,HOME,1.860,86.00,WIN,0.5000,F1:0.5,home
2024-11-09T16:00:00.000Z,Liverpool,Aston Villa,2-2,-1/-1.5,AWAY,1.850,-100.00,LOSS,-1.0000,F1:-1,home
2024-11-09T16:00:00.000Z,Manchester Utd,Leicester,0-3,-1.5/-2,AWAY,1.770,-100.00,LOSS,-1.5000,F1:-1.5,home
2024-11-09T16:00:00.000Z,Tottenham,Ipswich,1-2,-1.5/-2,AWAY,2.080,108.00,WIN,-1.5000,F1:-1.5,away
2024-11-22T16:00:00.000Z,Leicester,Chelsea,1-0,+1/+1.5,HOME,1.950,0.00,PUSH,1.0000,F1:1,draw
2024-11-22T16:00:00.000Z,Aston Villa,Crystal Palace,2-2,-0.5/-1,AWAY,1.950,95.00,WIN,-0.5000,F1:-0.5,away
2024-11-22T16:00:00.000Z,Arsenal,Nottingham Forest,0-0,-1/-1.5,AWAY,1.960,-100.00,LOSS,-1.0000,F1:-1,home
2024-11-22T16:00:00.000Z,Fulham,Wolves,1-4,-1,AWAY,1.990,99.00,WIN,-1.0000,F1:-1,away
2024-11-23T16:00:00.000Z,Southampton,Liverpool,2-3,+1.5/+2,HOME,1.800,80.00,WIN,1.5000,F1:1.5,home
2024-11-23T16:00:00.000Z,Manchester City,Tottenham,0-4,-1.5/-2,AWAY,1.670,67.00,WIN,-1.5000,F1:-1.5,away
2024-11-24T16:00:00.000Z,Ipswich,Manchester Utd,1-1,+0.5/+1,HOME,2.090,109.00,WIN,0.5000,F1:0.5,home
2024-11-25T16:00:00.000Z,Newcastle,West Ham,0-2,-1/-1.5,AWAY,1.890,89.00,WIN,-1.0000,F1:-1,away
2024-11-29T16:00:00.000Z,Nottingham Forest,Ipswich,2-4,-0.5/-1,AWAY,2.000,-100.00,LOSS,-0.5000,F1:-0.5,home
2024-11-29T16:00:00.000Z,Brentford,Leicester,4-1,-1,AWAY,1.820,-100.00,LOSS,-1.0000,F1:-1,home
2024-11-29T16:00:00.000Z,Brighton,Southampton,0-4,-1.5/-2,AWAY,1.700,70.00,WIN,-1.5000,F1:-1.5,away
2024-11-30T16:00:00.000Z,West Ham,Arsenal,2-5,+1/+1.5,HOME,1.940,-100.00,LOSS,1.0000,F1:1,away
2024-11-30T16:00:00.000Z,Tottenham,Fulham,2-0,-0.5/-1,AWAY,1.730,73.00,WIN,-0.5000,F1:-0.5,away
2024-11-30T16:00:00.000Z,Chelsea,Aston Villa,3-0,-0.5/-1,AWAY,2.000,-100.00,LOSS,-0.5000,F1:-0.5,home
2024-11-30T16:00:00.000Z,Manchester Utd,Everton,4-0,-1,AWAY,1.890,-100.00,LOSS,-1.0000,F1:-1,home
2024-12-04T16:00:00.000Z,Southampton,Chelsea,1-5,+1.5/+2,HOME,1.820,-100.00,LOSS,1.5000,F1:1.5,away
2024-12-04T16:00:00.000Z,Newcastle,Liverpool,2-0,+0.5/+1,HOME,1.690,69.00,WIN,0.5000,F1:0.5,home
2024-12-04T16:00:00.000Z,Aston Villa,Brentford,3-1,-0.5/-1,AWAY,2.020,-100.00,LOSS,-0.5000,F1:-0.5,home
2024-12-04T16:00:00.000Z,Arsenal,Manchester Utd,1-1,-1/-1.5,AWAY,1.840,-100.00,LOSS,-1.0000,F1:-1,home
2024-12-04T16:00:00.000Z,Manchester City,Nottingham Forest,3-0,-1.5/-2,AWAY,1.780,-100.00,LOSS,-1.5000,F1:-1.5,home
2024-12-06T16:00:00.000Z,Crystal Palace,Manchester City,2-2,+0.5/+1,HOME,1.980,98.00,WIN,0.5000,F1:0.5,home
2024-12-06T16:00:00.000Z,Aston Villa,Southampton,1-0,-1.5/-2,AWAY,1.840,84.00,WIN,-1.5000,F1:-1.5,away
2024-12-07T16:00:00.000Z,Fulham,Arsenal,1-1,+1,HOME,1.870,87.00,WIN,1.0000,F1:1,home
2024-12-07T16:00:00.000Z,Leicester,Brighton,2-2,+0.5/+1,HOME,1.990,99.00,WIN,0.5000,F1:0.5,home
2024-12-07T16:00:00.000Z,Ipswich,Bournemouth,1-2,+0.5/+1,HOME,1.740,-100.00,LOSS,0.5000,F1:0.5,away
2024-12-07T16:00:00.000Z,Manchester Utd,Nottingham Forest,2-3,-0.5/-1,AWAY,2.070,107.00,WIN,-0.5000,F1:-0.5,away
2024-12-09T16:00:00.000Z,West Ham,Wolves,2-1,-0.5/-1,AWAY,1.870,-100.00,LOSS,-0.5000,F1:-0.5,home
2024-12-13T16:00:00.000Z,Newcastle,Leicester,0-3,-1.5/-2,AWAY,1.870,-100.00,LOSS,-1.5000,F1:-1.5,home
2024-12-13T16:00:00.000Z,Arsenal,Everton,0-0,-1.5/-2,AWAY,1.910,91.00,WIN,-1.5000,F1:-1.5,away
2024-12-13T16:00:00.000Z,Liverpool,Fulham,2-2,-1.5/-2,AWAY,1.910,91.00,WIN,-1.5000,F1:-1.5,away
2024-12-14T16:00:00.000Z,Brighton,Crystal Palace,1-3,-0.5/-1,AWAY,1.760,76.00,WIN,-0.5000,F1:-0.5,away
2024-12-15T16:00:00.000Z,Southampton,Tottenham,0-5,+0.5/+1,HOME,1.950,-100.00,LOSS,0.5000,F1:0.5,away
2024-12-15T16:00:00.000Z,Manchester City,Manchester Utd,1-2,-1/-1.5,AWAY,1.770,77.00,WIN,-1.0000,F1:-1,away
2024-12-15T16:00:00.000Z,Chelsea,Brentford,2-1,-1.5/-2,AWAY,1.800,80.00,WIN,-1.5000,F1:-1.5,away
2024-12-16T16:00:00.000Z,Bournemouth,West Ham,1-1,-0.5/-1,AWAY,2.020,102.00,WIN,-0.5000,F1:-0.5,away
2024-12-20T16:00:00.000Z,Ipswich,Newcastle,0-4,+1,HOME,1.760,-100.00,LOSS,1.0000,F1:1,away
2024-12-21T16:00:00.000Z,Crystal Palace,Arsenal,2-2,+1/+1.5,HOME,1.870,-100.00,LOSS,1.0000,F1:1,away
2024-12-21T16:00:00.000Z,Everton,Chelsea,1-0,+1,HOME,1.800,80.00,WIN,1.0000,F1:1,home
2024-12-21T16:00:00.000Z,Manchester Utd,Bournemouth,0-3,-0.5/-1,AWAY,1.890,89.00,WIN,-0.5000,F1:-0.5,away
2024-12-21T16:00:00.000Z,Fulham,Southampton,1-2,-1,AWAY,1.930,93.00,WIN,-1.0000,F1:-1,away
2024-12-22T16:00:00.000Z,Tottenham,Liverpool,3-6,+1,HOME,1.890,-100.00,LOSS,1.0000,F1:1,away
2024-12-25T16:00:00.000Z,Newcastle,Aston Villa,3-0,-0.5/-1,AWAY,1.750,-100.00,LOSS,-0.5000,F1:-0.5,home
2024-12-25T16:00:00.000Z,Chelsea,Fulham,1-2,-1/-1.5,AWAY,1.910,91.00,WIN,-1.0000,F1:-1,away
2024-12-25T16:00:00.000Z,Manchester City,Everton,1-1,-1.5/-2,AWAY,1.750,75.00,WIN,-1.5000,F1:-1.5,away
2024-12-26T16:00:00.000Z,Wolves,Manchester Utd,2-0,+0.5/+1,HOME,1.860,86.00,WIN,0.5000,F1:0.5,home
2024-12-26T16:00:00.000Z,Liverpool,Leicester,3-1,-2.5/-3,AWAY,2.070,0.00,PUSH,-2.5000,F1:-2.5,draw
2024-12-27T16:00:00.000Z,Brighton,Brentford,0-0,-1,AWAY,1.900,90.00,WIN,-1.0000,F1:-1,away
2024-12-27T16:00:00.000Z,Arsenal,Ipswich,1-0,-2/-2.5,AWAY,1.880,88.00,WIN,-2.0000,F1:-2,away
2024-12-28T16:00:00.000Z,Leicester,Manchester City,0-2,+1.5/+2,HOME,2.000,-100.00,LOSS,1.5000,F1:1.5,away
2024-12-28T16:00:00.000Z,Crystal Palace,Southampton,2-1,-1,AWAY,2.050,0.00,PUSH,-1.0000,F1:-1,draw
2024-12-28T16:00:00.000Z,Tottenham,Wolves,2-2,-1,AWAY,1.830,83.00,WIN,-1.0000,F1:-1,away
2024-12-29T16:00:00.000Z,West Ham,Liverpool,2-1,+1/+1.5,HOME,2.120,-100.00,LOSS,1.0000,F1:1,away
2024-12-30T16:00:00.000Z,Ipswich,Chelsea,2-0,+1/+1.5,HOME,2.090,109.00,WIN,1.0000,F1:1,home
2024-12-30T16:00:00.000Z,Aston Villa,Brighton,2-2,-0.5/-1,AWAY,1.810,81.00,WIN,-0.5000,F1:-0.5,away
2025-01-04T16:00:00.000Z,Brighton,Arsenal,1-1,+0.5/+1,HOME,1.840,84.00,WIN,0.5000,F1:0.5,home
2025-01-04T16:00:00.000Z,Fulham,Ipswich,2-2,-1,AWAY,1.960,96.00,WIN,-1.0000,F1:-1,away
2025-01-05T16:00:00.000Z,Liverpool,Manchester Utd,2-2,-1.5/-2,AWAY,1.720,72.00,WIN,-1.5000,F1:-1.5,away
2025-01-14T16:00:00.000Z,Brentford,Manchester City,2-2,+1,HOME,1.920,92.00,WIN,1.0000,F1:1,home
2025-01-14T16:00:00.000Z,Nottingham Forest,Liverpool,1-1,+0.5/+1,HOME,2.120,112.00,WIN,0.5000,F1:0.5,home
2025-01-14T16:00:00.000Z,Chelsea,Bournemouth,2-2,-1/-1.5,AWAY,1.780,78.00,WIN,-1.0000,F1:-1,away
2025-01-15T16:00:00.000Z,Leicester,Crystal Palace,0-2,+0.5/+1,HOME,1.690,-100.00,LOSS,0.5000,F1:0.5,away
2025-01-15T16:00:00.000Z,Arsenal,Tottenham,2-1,-1/-1.5,AWAY,1.970,0.00,PUSH,-1.0000,F1:-1,draw
2025-01-15T16:00:00.000Z,Newcastle,Wolves,3-0,-1/-1.5,AWAY,2.090,-100.00,LOSS,-1.0000,F1:-1,home
2025-01-16T16:00:00.000Z,Manchester Utd,Southampton,3-1,-1.5/-2,AWAY,1.900,-100.00,LOSS,-1.5000,F1:-1.5,home
2025-01-17T16:00:00.000Z,Brentford,Liverpool,0-2,+1/+1.5,HOME,1.930,-100.00,LOSS,1.0000,F1:1,away
2025-01-17T16:00:00.000Z,Leicester,Fulham,0-2,+0.5/+1,HOME,1.800,-100.00,LOSS,0.5000,F1:0.5,away
2025-01-17T16:00:00.000Z,Newcastle,Bournemouth,1-4,-0.5/-1,AWAY,2.140,114.00,WIN,-0.5000,F1:-0.5,away
2025-01-18T16:00:00.000Z,Arsenal,Aston Villa,2-2,-1,AWAY,1.870,87.00,WIN,-1.0000,F1:-1,away
2025-01-18T16:00:00.000Z,Nottingham Forest,Southampton,3-2,-1/-1.5,AWAY,2.050,0.00,PUSH,-1.0000,F1:-1,draw
2025-01-19T16:00:00.000Z,Ipswich,Manchester City,0-6,+1/+1.5,HOME,2.090,-100.00,LOSS,1.0000,F1:1,away
2025-01-20T16:00:00.000Z,Chelsea,Wolves,3-1,-1/-1.5,AWAY,2.020,-100.00,LOSS,-1.0000,F1:-1,home
2025-01-24T16:00:00.000Z,Wolves,Arsenal,0-1,+1,HOME,1.810,0.00,PUSH,1.0000,F1:1,draw
2025-01-24T16:00:00.000Z,Southampton,Newcastle,1-3,+1/+1.5,HOME,1.990,-100.00,LOSS,1.0000,F1:1,away
2025-01-24T16:00:00.000Z,Brighton,Everton,0-1,-0.5/-1,AWAY,1.910,91.00,WIN,-0.5000,F1:-0.5,away
2025-01-24T16:00:00.000Z,Liverpool,Ipswich,4-1,-2.5/-3,AWAY,1.800,-100.00,LOSS,-2.5000,F1:-2.5,home
2025-01-25T16:00:00.000Z,Tottenham,Leicester,1-1,-1/-1.5,AWAY,1.860,86.00,WIN,-1.0000,F1:-1,away
2025-01-26T16:00:00.000Z,Aston Villa,West Ham,1-1,-1/-1.5,AWAY,1.790,79.00,WIN,-1.0000,F1:-1,away
2025-01-31T16:00:00.000Z,Bournemouth,Liverpool,0-2,+0.5/+1,HOME,2.030,-100.00,LOSS,0.5000,F1:0.5,away
2025-01-31T16:00:00.000Z,Newcastle,Fulham,1-2,-0.5/-1,AWAY,2.000,100.00,WIN,-0.5000,F1:-0.5,away
2025-01-31T16:00:00.000Z,Everton,Leicester,4-0,-0.5/-1,AWAY,1.710,-100.00,LOSS,-0.5000,F1:-0.5,home
2025-01-31T16:00:00.000Z,Ipswich,Southampton,1-2,-0.5/-1,AWAY,1.710,71.00,WIN,-0.5000,F1:-0.5,away
2025-02-01T16:00:00.000Z,Manchester Utd,Crystal Palace,0-2,-0.5/-1,AWAY,1.890,89.00,WIN,-0.5000,F1:-0.5,away
2025-02-03T16:00:00.000Z,Chelsea,West Ham,2-1,-1.5/-2,AWAY,1.930,93.00,WIN,-1.5000,F1:-1.5,away
2025-02-12T16:00:00.000Z,Everton,Liverpool,2-2,+1/+1.5,HOME,1.880,88.00,WIN,1.0000,F1:1,home
2025-02-14T16:00:00.000Z,Leicester,Arsenal,0-2,+1.5/+2,HOME,1.720,-100.00,LOSS,1.5000,F1:1.5,away
2025-02-14T16:00:00.000Z,Southampton,Bournemouth,1-3,+1/+1.5,HOME,1.820,-100.00,LOSS,1.0000,F1:1,away
2025-02-14T16:00:00.000Z,Manchester City,Newcastle,4-0,-0.5/-1,AWAY,1.670,-100.00,LOSS,-0.5000,F1:-0.5,home
2025-02-14T16:00:00.000Z,Aston Villa,Ipswich,1-1,-1/-1.5,AWAY,1.950,95.00,WIN,-1.0000,F1:-1,away
2025-02-15T16:00:00.000Z,Liverpool,Wolves,2-1,-1.5/-2,AWAY,2.050,105.00,WIN,-1.5000,F1:-1.5,away
2025-02-19T16:00:00.000Z,Aston Villa,Liverpool,2-2,+0.5/+1,HOME,1.800,80.00,WIN,0.5000,F1:0.5,home
2025-02-21T16:00:00.000Z,Southampton,Brighton,0-4,+1,HOME,2.000,-100.00,LOSS,1.0000,F1:1,away
2025-02-21T16:00:00.000Z,Ipswich,Tottenham,1-4,+0.5/+1,HOME,1.670,-100.00,LOSS,0.5000,F1:0.5,away
2025-02-21T16:00:00.000Z,Bournemouth,Wolves,0-1,-0.5/-1,AWAY,2.120,112.00,WIN,-0.5000,F1:-0.5,away
2025-02-21T16:00:00.000Z,Arsenal,West Ham,0-1,-1.5/-2,AWAY,1.800,80.00,WIN,-1.5000,F1:-1.5,away
2025-02-22T16:00:00.000Z,Newcastle,Nottingham Forest,1-3,-0.5/-1,AWAY,1.760,-100.00,LOSS,-0.5000,F1:-0.5,home
2025-02-25T16:00:00.000Z,Brighton,Bournemouth,2-1,-0.5/-1,AWAY,1.710,-100.00,LOSS,-0.5000,F1:-0.5,home
2025-02-25T16:00:00.000Z,Chelsea,Southampton,4-0,-2/-2.5,AWAY,2.000,-100.00,LOSS,-2.0000,F1:-2,home
2025-02-26T16:00:00.000Z,Tottenham,Manchester City,0-1,+0.5/+1,HOME,1.830,-100.00,LOSS,0.5000,F1:0.5,away
2025-02-26T16:00:00.000Z,Liverpool,Newcastle,2-0,-1/-1.5,AWAY,2.140,-100.00,LOSS,-1.0000,F1:-1,home
2025-02-26T16:00:00.000Z,Manchester Utd,Ipswich,1-1,-1/-1.5,AWAY,1.810,0.00,PUSH,-1.0000,F1:-1,draw
2025-02-27T16:00:00.000Z,West Ham,Leicester,2-0,-0.5/-1,AWAY,1.900,-100.00,LOSS,-0.5000,F1:-0.5,home
2025-03-07T16:00:00.000Z,Nottingham Forest,Manchester City,1-0,+0.5/+1,HOME,1.730,73.00,WIN,0.5000,F1:0.5,home
2025-03-07T16:00:00.000Z,Brighton,Fulham,2-1,-0.5/-1,AWAY,1.670,-100.00,LOSS,-0.5000,F1:-0.5,home
2025-03-07T16:00:00.000Z,Crystal Palace,Ipswich,1-0,-1,AWAY,1.910,0.00,PUSH,-1.0000,F1:-1,draw
2025-03-07T16:00:00.000Z,Liverpool,Southampton,3-1,-2.5/-3,AWAY,1.840,0.00,PUSH,-2.5000,F1:-2.5,draw
2025-03-08T16:00:00.000Z,Chelsea,Leicester,1-0,-1.5/-2,AWAY,2.040,104.00,WIN,-1.5000,F1:-1.5,away
2025-03-09T16:00:00.000Z,Manchester Utd,Arsenal,1-1,+0.5/+1,HOME,1.930,93.00,WIN,0.5000,F1:0.5,home
2025-03-14T16:00:00.000Z,Ipswich,Nottingham Forest,2-4,+0.5/+1,HOME,1.710,-100.00,LOSS,0.5000,F1:0.5,away
2025-03-14T16:00:00.000Z,Manchester City,Brighton,2-2,-0.5/-1,AWAY,1.870,87.00,WIN,-0.5000,F1:-0.5,away
2025-03-15T16:00:00.000Z,Bournemouth,Brentford,1-2,-0.5/-1,AWAY,1.890,89.00,WIN,-0.5000,F1:-0.5,away
2025-03-15T16:00:00.000Z,Arsenal,Chelsea,1-0,-0.5/-1,AWAY,1.950,-100.00,LOSS,-0.5000,F1:-0.5,home
2025-03-15T16:00:00.000Z,Fulham,Tottenham,2-0,-0.5/-1,AWAY,1.760,-100.00,LOSS,-0.5000,F1:-0.5,home
2025-03-16T16:00:00.000Z,Leicester,Manchester Utd,0-3,+0.5/+1,HOME,1.830,-100.00,LOSS,0.5000,F1:0.5,away
2025-04-01T16:00:00.000Z,Arsenal,Fulham,2-1,-1/-1.5,AWAY,1.760,0.00,PUSH,-1.0000,F1:-1,draw
2025-04-02T16:00:00.000Z,Southampton,Crystal Palace,1-1,+1,HOME,1.810,81.00,WIN,1.0000,F1:1,home
2025-04-02T16:00:00.000Z,Newcastle,Brentford,2-1,-0.5/-1,AWAY,2.070,-100.00,LOSS,-0.5000,F1:-0.5,home
2025-04-02T16:00:00.000Z,Bournemouth,Ipswich,1-2,-1/-1.5,AWAY,2.020,102.00,WIN,-1.0000,F1:-1,away
2025-04-02T16:00:00.000Z,Liverpool,Everton,1-0,-1/-1.5,AWAY,1.780,0.00,PUSH,-1.0000,F1:-1,draw
2025-04-02T16:00:00.000Z,Manchester City,Leicester,2-0,-2,AWAY,1.960,0.00,PUSH,-2.0000,F1:-2,draw
2025-04-03T16:00:00.000Z,Chelsea,Tottenham,1-0,-0.5/-1,AWAY,2.090,-100.00,LOSS,-0.5000,F1:-0.5,home
2025-04-04T16:00:00.000Z,Everton,Arsenal,1-1,+0.5/+1,HOME,1.640,64.00,WIN,0.5000,F1:0.5,home
2025-04-05T16:00:00.000Z,Fulham,Liverpool,3-2,+0.5/+1,HOME,1.740,74.00,WIN,0.5000,F1:0.5,home
2025-04-05T16:00:00.000Z,Tottenham,Southampton,3-1,-1.5/-2,AWAY,1.740,-100.00,LOSS,-1.5000,F1:-1.5,home
2025-04-07T16:00:00.000Z,Leicester,Newcastle,0-3,+1/+1.5,HOME,1.880,-100.00,LOSS,1.0000,F1:1,away
2025-04-11T16:00:00.000Z,Southampton,Aston Villa,0-3,+1,HOME,2.090,-100.00,LOSS,1.0000,F1:1,away
2025-04-11T16:00:00.000Z,Nottingham Forest,Everton,0-1,-0.5/-1,AWAY,1.680,68.00,WIN,-0.5000,F1:-0.5,away
2025-04-11T16:00:00.000Z,Manchester City,Crystal Palace,5-2,-0.5/-1,AWAY,2.090,-100.00,LOSS,-0.5000,F1:-0.5,home
2025-04-11T16:00:00.000Z,Brighton,Leicester,2-2,-1.5/-2,AWAY,1.850,85.00,WIN,-1.5000,F1:-1.5,away
2025-04-12T16:00:00.000Z,Arsenal,Brentford,1-1,-0.5/-1,AWAY,2.120,112.00,WIN,-0.5000,F1:-0.5,away
2025-04-12T16:00:00.000Z,Newcastle,Manchester Utd,4-1,-1,AWAY,1.890,-100.00,LOSS,-1.0000,F1:-1,home
2025-04-12T16:00:00.000Z,Liverpool,West Ham,2-1,-1.5/-2,AWAY,1.850,85.00,WIN,-1.5000,F1:-1.5,away
2025-04-12T16:00:00.000Z,Chelsea,Ipswich,2-2,-1.5/-2,AWAY,2.110,111.00,WIN,-1.5000,F1:-1.5,away
2025-04-16T16:00:00.000Z,Newcastle,Crystal Palace,5-0,-0.5/-1,AWAY,2.070,-100.00,LOSS,-0.5000,F1:-0.5,home
2025-04-18T16:00:00.000Z,Everton,Manchester City,0-2,+0.5/+1,HOME,1.780,-100.00,LOSS,0.5000,F1:0.5,away
2025-04-18T16:00:00.000Z,West Ham,Southampton,1-1,-1,AWAY,1.870,87.00,WIN,-1.0000,F1:-1,away
2025-04-19T16:00:00.000Z,Ipswich,Arsenal,1-0,+1.5/+2,HOME,1.660,-100.00,LOSS,1.5000,F1:1.5,away
2025-04-19T16:00:00.000Z,Leicester,Liverpool,0-1,+1.5/+2,HOME,2.110,111.00,WIN,1.5000,F1:1.5,home
2025-04-22T16:00:00.000Z,Manchester City,Aston Villa,2-1,-0.5/-1,AWAY,1.750,-100.00,LOSS,-0.5000,F1:-0.5,home
2025-04-23T16:00:00.000Z,Arsenal,Crystal Palace,2-2,-1/-1.5,AWAY,2.000,100.00,WIN,-1.0000,F1:-1,away
2025-04-25T16:00:00.000Z,Southampton,Fulham,1-2,+0.5/+1,HOME,1.950,-100.00,LOSS,0.5000,F1:0.5,away
2025-04-25T16:00:00.000Z,Brighton,West Ham,3-2,-0.5/-1,AWAY,1.850,-100.00,LOSS,-0.5000,F1:-0.5,home
2025-04-25T16:00:00.000Z,Chelsea,Everton,1-0,-1/-1.5,AWAY,1.850,0.00,PUSH,-1.0000,F1:-1,draw
2025-04-25T16:00:00.000Z,Wolves,Leicester,3-0,-1,AWAY,1.900,-100.00,LOSS,-1.0000,F1:-1,home
2025-04-25T16:00:00.000Z,Newcastle,Ipswich,0-4,-2/-2.5,AWAY,1.780,-100.00,LOSS,-2.0000,F1:-2,home
2025-04-26T16:00:00.000Z,Bournemouth,Manchester Utd,1-1,-0.5/-1,AWAY,1.710,71.00,WIN,-0.5000,F1:-0.5,away
2025-04-26T16:00:00.000Z,Liverpool,Tottenham,5-1,-2,AWAY,1.990,-100.00,LOSS,-2.0000,F1:-2,home
2025-05-02T16:00:00.000Z,Aston Villa,Fulham,1-0,-0.5/-1,AWAY,1.820,-100.00,LOSS,-0.5000,F1:-0.5,home
2025-05-02T16:00:00.000Z,Manchester City,Wolves,1-0,-1/-1.5,AWAY,2.190,0.00,PUSH,-1.0000,F1:-1,draw
2025-05-02T16:00:00.000Z,Everton,Ipswich,0-2,-1,AWAY,1.960,96.00,WIN,-1.0000,F1:-1,away
2025-05-03T16:00:00.000Z,Arsenal,Bournemouth,1-2,-0.5/-1,AWAY,2.070,107.00,WIN,-0.5000,F1:-0.5,away
2025-05-03T16:00:00.000Z,Brentford,Manchester Utd,4-3,-0.5/-1,AWAY,2.050,-100.00,LOSS,-0.5000,F1:-0.5,home
2025-05-09T16:00:00.000Z,Southampton,Manchester City,0-0,+2,HOME,1.920,92.00,WIN,2.0000,F1:2,home
2025-05-09T16:00:00.000Z,Ipswich,Brentford,0-1,+1,HOME,2.070,0.00,PUSH,1.0000,F1:1,draw
2025-05-09T16:00:00.000Z,Fulham,Everton,1-3,-0.5/-1,AWAY,1.820,82.00,WIN,-0.5000,F1:-0.5,away
2025-05-10T16:00:00.000Z,Manchester Utd,West Ham,0-2,-0.5/-1,AWAY,1.690,69.00,WIN,-0.5000,F1:-0.5,away
2025-05-10T16:00:00.000Z,Nottingham Forest,Leicester,2-2,-1/-1.5,AWAY,2.040,104.00,WIN,-1.0000,F1:-1,away
2025-05-16T16:00:00.000Z,Chelsea,Manchester Utd,1-0,-1,AWAY,1.910,0.00,PUSH,-1.0000,F1:-1,draw
2025-05-16T16:00:00.000Z,Aston Villa,Tottenham,4-1,-1.5/-2,AWAY,1.980,-100.00,LOSS,-1.5000,F1:-1.5,home
2025-05-17T16:00:00.000Z,Arsenal,Newcastle,1-0,-0.5/-1,AWAY,1.750,-100.00,LOSS,-0.5000,F1:-0.5,home
2025-05-17T16:00:00.000Z,Everton,Southampton,2-0,-1/-1.5,AWAY,1.960,-100.00,LOSS,-1.0000,F1:-1,home
2025-05-20T16:00:00.000Z,Manchester City,Bournemouth,3-1,-1.5/-2,AWAY,1.720,-100.00,LOSS,-1.5000,F1:-1.5,home
2025-05-24T16:00:00.000Z,Southampton,Arsenal,1-2,+1.5/+2,HOME,1.930,93.00,WIN,1.5000,F1:1.5,home
2025-05-24T16:00:00.000Z,Fulham,Manchester City,0-2,+1,HOME,1.980,-100.00,LOSS,1.0000,F1:1,away
2025-05-24T16:00:00.000Z,Manchester Utd,Aston Villa,2-0,+0.5/+1,HOME,1.980,98.00,WIN,0.5000,F1:0.5,home
2025-05-24T16:00:00.000Z,Tottenham,Brighton,1-4,+0.5/+1,HOME,1.720,-100.00,LOSS,0.5000,F1:0.5,away
2025-05-24T16:00:00.000Z,Liverpool,Crystal Palace,1-1,-1.5/-2,AWAY,1.730,73.00,WIN,-1.5000,F1:-1.5,away
2025-05-24T16:00:00.000Z,Bournemouth,Leicester,2-0,-1.5/-2,AWAY,1.730,-100.00,LOSS,-1.5000,F1:-1.5,home
2025-05-24T16:00:00.000Z,Newcastle,Everton,0-1,-1.5/-2,AWAY,1.890,89.00,WIN,-1.5000,F1:-1.5,away