"Wk","Day","Date","Time","HomeTeam","AwayTeam","FTHG","FTAG","Home_xG","Away_xG","Referee","Venue","Attendance","Match_Report_URL"
1,"Fri","2022-08-05","20:00 (03:00)","Crystal Palace","Arsenal",0,2,1.2,1,"Anthony Taylor","Selhurst Park",25286,"https://fbref.com/en/matches/e62f6e78/Crystal-Palace-Arsenal-August-5-2022-Premier-League"
1,"Sat","2022-08-06","12:30 (19:30)","Fulham","Liverpool",2,2,1.2,1.2,"Andy Madley","Craven Cottage",22207,"https://fbref.com/en/matches/6713c1dc/Fulham-Liverpool-August-6-2022-Premier-League"
1,"Sat","2022-08-06","15:00 (22:00)","Newcastle Utd","Nott'ham Forest",2,0,1.7,0.3,"Simon Hooper","St James' Park",52245,"https://fbref.com/en/matches/1ac96eb4/Newcastle-United-Nottingham-Forest-August-6-2022-Premier-League"
1,"Sat","2022-08-06","15:00 (22:00)","Bournemouth","Aston Villa",2,0,0.6,0.7,"Peter Bankes","Vitality Stadium",11013,"https://fbref.com/en/matches/877e3193/Bournemouth-Aston-Villa-August-6-2022-Premier-League"
1,"Sat","2022-08-06","15:00 (22:00)","Leeds United","Wolves",2,1,0.8,1.3,"Robert Jones","Elland Road",36347,"https://fbref.com/en/matches/82702941/Leeds-United-Wolverhampton-Wanderers-August-6-2022-Premier-League"
1,"Sat","2022-08-06","15:00 (22:00)","Tottenham","Southampton",4,1,1.5,0.5,"Andre Marriner","Tottenham Hotspur Stadium",61732,"https://fbref.com/en/matches/09d8a999/Tottenham-Hotspur-Southampton-August-6-2022-Premier-League"
1,"Sat","2022-08-06","17:30 (00:30)","Everton","Chelsea",0,1,0.7,1.5,"Craig Pawson","Goodison Park",39254,"https://fbref.com/en/matches/3a917cee/Everton-Chelsea-August-6-2022-Premier-League"
1,"Sun","2022-08-07","14:00 (21:00)","Leicester City","Brentford",2,2,0.6,0.8,"Jarred Gillett","King Power Stadium",31794,"https://fbref.com/en/matches/3249ba27/Leicester-City-Brentford-August-7-2022-Premier-League"
1,"Sun","2022-08-07","14:00 (21:00)","Manchester Utd","Brighton",1,2,1.4,1.5,"Paul Tierney","Old Trafford",73711,"https://fbref.com/en/matches/8251694e/Manchester-United-Brighton-and-Hove-Albion-August-7-2022-Premier-League"
1,"Sun","2022-08-07","16:30 (23:30)","West Ham","Manchester City",0,2,0.5,2.2,"Michael Oliver","London Stadium",62443,"https://fbref.com/en/matches/ece62baf/West-Ham-United-Manchester-City-August-7-2022-Premier-League"
2,"Sat","2022-08-13","12:30 (19:30)","Aston Villa","Everton",2,1,2.3,1.6,"Michael Oliver","Villa Park",41883,"https://fbref.com/en/matches/8cd71c65/Aston-Villa-Everton-August-13-2022-Premier-League"
2,"Sat","2022-08-13","15:00 (22:00)","Brighton","Newcastle Utd",0,0,1.5,0.2,"Graham Scott","The American Express Community Stadium",31552,"https://fbref.com/en/matches/c916a5f6/Brighton-and-Hove-Albion-Newcastle-United-August-13-2022-Premier-League"
2,"Sat","2022-08-13","15:00 (22:00)","Arsenal","Leicester City",4,2,2.7,0.5,"Darren England","Emirates Stadium",60033,"https://fbref.com/en/matches/7483b97f/Arsenal-Leicester-City-August-13-2022-Premier-League"
2,"Sat","2022-08-13","15:00 (22:00)","Southampton","Leeds United",2,2,1.2,1.8,"Tony Harrington","St. Mary's Stadium",30815,"https://fbref.com/en/matches/54b33a13/Southampton-Leeds-United-August-13-2022-Premier-League"
2,"Sat","2022-08-13","15:00 (22:00)","Wolves","Fulham",0,0,0.9,1.5,"John Brooks","Molineux Stadium",31178,"https://fbref.com/en/matches/669b1665/Wolverhampton-Wanderers-Fulham-August-13-2022-Premier-League"
2,"Sat","2022-08-13","15:00 (22:00)","Manchester City","Bournemouth",4,0,1.7,0.1,"David Coote","Etihad Stadium",53453,"https://fbref.com/en/matches/311d705c/Manchester-City-Bournemouth-August-13-2022-Premier-League"
2,"Sat","2022-08-13","17:30 (00:30)","Brentford","Manchester Utd",4,0,1.6,0.9,"Stuart Attwell","Brentford Community Stadium",17051,"https://fbref.com/en/matches/04712d4e/Brentford-Manchester-United-August-13-2022-Premier-League"
2,"Sun","2022-08-14","14:00 (21:00)","Nott'ham Forest","West Ham",1,0,1.3,2.1,"Robert Jones","The City Ground",29281,"https://fbref.com/en/matches/b1ebeda5/Nottingham-Forest-West-Ham-United-August-14-2022-Premier-League"
2,"Sun","2022-08-14","16:30 (23:30)","Chelsea","Tottenham",2,2,1.6,1,"Anthony Taylor","Stamford Bridge",39946,"https://fbref.com/en/matches/01e57bf5/Chelsea-Tottenham-Hotspur-August-14-2022-Premier-League"
2,"Mon","2022-08-15","20:00 (03:00)","Liverpool","Crystal Palace",1,1,2,1,"Paul Tierney","Anfield",52970,"https://fbref.com/en/matches/b3c6f709/Liverpool-Crystal-Palace-August-15-2022-Premier-League"
3,"Sat","2022-08-20","12:30 (19:30)","Tottenham","Wolves",1,0,1.7,0.7,"Simon Hooper","Tottenham Hotspur Stadium",61298,"https://fbref.com/en/matches/5cc3bd0e/Tottenham-Hotspur-Wolverhampton-Wanderers-August-20-2022-Premier-League"
3,"Sat","2022-08-20","15:00 (22:00)","Everton","Nott'ham Forest",1,1,1.5,1,"Andre Marriner","Goodison Park",39271,"https://fbref.com/en/matches/3c3cc86f/Everton-Nottingham-Forest-August-20-2022-Premier-League"
3,"Sat","2022-08-20","15:00 (22:00)","Crystal Palace","Aston Villa",3,1,2.6,0.9,"Andy Madley","Selhurst Park",22012,"https://fbref.com/en/matches/3f89bccf/Crystal-Palace-Aston-Villa-August-20-2022-Premier-League"
3,"Sat","2022-08-20","15:00 (22:00)","Fulham","Brentford",3,2,2.4,1.8,"Peter Bankes","Craven Cottage",21798,"https://fbref.com/en/matches/a107c037/Fulham-Brentford-August-20-2022-Premier-League"
3,"Sat","2022-08-20","15:00 (22:00)","Leicester City","Southampton",1,2,0.3,0.9,"Michael Salisbury","King Power Stadium",30850,"https://fbref.com/en/matches/02efd4d1/Leicester-City-Southampton-August-20-2022-Premier-League"
3,"Sat","2022-08-20","17:30 (00:30)","Bournemouth","Arsenal",0,3,0.3,1.3,"Craig Pawson","Vitality Stadium",10423,"https://fbref.com/en/matches/7f11dd9e/Bournemouth-Arsenal-August-20-2022-Premier-League"
3,"Sun","2022-08-21","14:00 (21:00)","West Ham","Brighton",0,2,0.8,1.7,"Anthony Taylor","London Stadium",62449,"https://fbref.com/en/matches/aa2a3517/West-Ham-United-Brighton-and-Hove-Albion-August-21-2022-Premier-League"
3,"Sun","2022-08-21","14:00 (21:00)","Leeds United","Chelsea",3,0,2.1,0.9,"Stuart Attwell","Elland Road",36372,"https://fbref.com/en/matches/a5632124/Leeds-United-Chelsea-August-21-2022-Premier-League"
3,"Sun","2022-08-21","16:30 (23:30)","Newcastle Utd","Manchester City",3,3,1.8,2.1,"Jarred Gillett","St James' Park",52258,"https://fbref.com/en/matches/b513d9fe/Newcastle-United-Manchester-City-August-21-2022-Premier-League"
3,"Mon","2022-08-22","20:00 (03:00)","Manchester Utd","Liverpool",2,1,1.8,1.3,"Michael Oliver","Old Trafford",74147,"https://fbref.com/en/matches/3c9a8f71/North-West-Derby-Manchester-United-Liverpool-August-22-2022-Premier-League"
4,"Sat","2022-08-27","12:30 (19:30)","Southampton","Manchester Utd",0,1,1.4,1.1,"Andy Madley","St. Mary's Stadium",31196,"https://fbref.com/en/matches/dff99b20/Southampton-Manchester-United-August-27-2022-Premier-League"
4,"Sat","2022-08-27","15:00 (22:00)","Brighton","Leeds United",1,0,2,1.8,"Michael Salisbury","The American Express Community Stadium",30953,"https://fbref.com/en/matches/77c70160/Brighton-and-Hove-Albion-Leeds-United-August-27-2022-Premier-League"
4,"Sat","2022-08-27","15:00 (22:00)","Brentford","Everton",1,1,2.1,1.1,"John Brooks","Brentford Community Stadium",17009,"https://fbref.com/en/matches/db59fc65/Brentford-Everton-August-27-2022-Premier-League"
4,"Sat","2022-08-27","15:00 (22:00)","Manchester City","Crystal Palace",4,2,2.2,0.1,"Darren England","Etihad Stadium",53112,"https://fbref.com/en/matches/3b9bbac7/Manchester-City-Crystal-Palace-August-27-2022-Premier-League"
4,"Sat","2022-08-27","15:00 (22:00)","Chelsea","Leicester City",2,1,1.8,2.5,"Paul Tierney","Stamford Bridge",39953,"https://fbref.com/en/matches/b737a3a7/Chelsea-Leicester-City-August-27-2022-Premier-League"
4,"Sat","2022-08-27","15:00 (22:00)","Liverpool","Bournemouth",9,0,3.3,0.3,"Stuart Attwell","Anfield",53328,"https://fbref.com/en/matches/de515487/Liverpool-Bournemouth-August-27-2022-Premier-League"
4,"Sat","2022-08-27","17:30 (00:30)","Arsenal","Fulham",2,1,2.6,0.8,"Jarred Gillett","Emirates Stadium",60164,"https://fbref.com/en/matches/8b69fd2d/Arsenal-Fulham-August-27-2022-Premier-League"
4,"Sun","2022-08-28","14:00 (21:00)","Wolves","Newcastle Utd",1,1,0.7,1.7,"Peter Bankes","Molineux Stadium",31311,"https://fbref.com/en/matches/15d62d04/Wolverhampton-Wanderers-Newcastle-United-August-28-2022-Premier-League"
4,"Sun","2022-08-28","14:00 (21:00)","Aston Villa","West Ham",0,1,0.5,0.6,"David Coote","Villa Park",41796,"https://fbref.com/en/matches/659b9113/Aston-Villa-West-Ham-United-August-28-2022-Premier-League"
4,"Sun","2022-08-28","16:30 (23:30)","Nott'ham Forest","Tottenham",0,2,0.9,2.4,"Craig Pawson","The City Ground",29296,"https://fbref.com/en/matches/3c364307/Nottingham-Forest-Tottenham-Hotspur-August-28-2022-Premier-League"
5,"Tue","2022-08-30","19:30 (02:30)","Fulham","Brighton",2,1,0.7,1.4,"Thomas Bramall","Craven Cottage",22224,"https://fbref.com/en/matches/361f4461/Fulham-Brighton-and-Hove-Albion-August-30-2022-Premier-League"
5,"Tue","2022-08-30","19:30 (02:30)","Crystal Palace","Brentford",1,1,1,1.4,"Simon Hooper","Selhurst Park",25043,"https://fbref.com/en/matches/e1d6440f/Crystal-Palace-Brentford-August-30-2022-Premier-League"
5,"Tue","2022-08-30","19:45 (02:45)","Southampton","Chelsea",2,1,1.1,1.1,"Michael Oliver","St. Mary's Stadium",31542,"https://fbref.com/en/matches/afd303a8/Southampton-Chelsea-August-30-2022-Premier-League"
5,"Tue","2022-08-30","20:00 (03:00)","Leeds United","Everton",1,1,1,1,"Darren England","Elland Road",36338,"https://fbref.com/en/matches/42d294e5/Leeds-United-Everton-August-30-2022-Premier-League"
5,"Wed","2022-08-31","19:30 (02:30)","Bournemouth","Wolves",0,0,0.4,1.5,"Anthony Taylor","Vitality Stadium",10113,"https://fbref.com/en/matches/91b239d8/Bournemouth-Wolverhampton-Wanderers-August-31-2022-Premier-League"
5,"Wed","2022-08-31","19:30 (02:30)","Manchester City","Nott'ham Forest",6,0,3.3,0.7,"Paul Tierney","Etihad Stadium",53409,"https://fbref.com/en/matches/9760b466/Manchester-City-Nottingham-Forest-August-31-2022-Premier-League"
5,"Wed","2022-08-31","19:30 (02:30)","Arsenal","Aston Villa",2,1,2.4,0.4,"Robert Jones","Emirates Stadium",60012,"https://fbref.com/en/matches/cc235aad/Arsenal-Aston-Villa-August-31-2022-Premier-League"
5,"Wed","2022-08-31","19:45 (02:45)","West Ham","Tottenham",1,1,1.2,0.6,"Peter Bankes","London Stadium",62450,"https://fbref.com/en/matches/9f221621/West-Ham-United-Tottenham-Hotspur-August-31-2022-Premier-League"
5,"Wed","2022-08-31","20:00 (03:00)","Liverpool","Newcastle Utd",2,1,1.5,0.7,"Andre Marriner","Anfield",53316,"https://fbref.com/en/matches/ac6047cf/Liverpool-Newcastle-United-August-31-2022-Premier-League"
5,"Thu","2022-09-01","20:00 (03:00)","Leicester City","Manchester Utd",0,1,0.7,1.5,"Craig Pawson","King Power Stadium",32226,"https://fbref.com/en/matches/c1f25d02/Leicester-City-Manchester-United-September-1-2022-Premier-League"
6,"Sat","2022-09-03","12:30 (19:30)","Everton","Liverpool",0,0,1.7,2.1,"Anthony Taylor","Goodison Park",39240,"https://fbref.com/en/matches/073227b6/Merseyside-Derby-Everton-Liverpool-September-3-2022-Premier-League"
6,"Sat","2022-09-03","15:00 (22:00)","Tottenham","Fulham",2,1,2.9,0.7,"Stuart Attwell","Tottenham Hotspur Stadium",61641,"https://fbref.com/en/matches/a497b725/Tottenham-Hotspur-Fulham-September-3-2022-Premier-League"
6,"Sat","2022-09-03","15:00 (22:00)","Nott'ham Forest","Bournemouth",2,3,1.9,0.8,"Michael Oliver","The City Ground",28720,"https://fbref.com/en/matches/05f32555/Nottingham-Forest-Bournemouth-September-3-2022-Premier-League"
6,"Sat","2022-09-03","15:00 (22:00)","Wolves","Southampton",1,0,0.8,1.2,"John Brooks","Molineux Stadium",30546,"https://fbref.com/en/matches/13f50518/Wolverhampton-Wanderers-Southampton-September-3-2022-Premier-League"
6,"Sat","2022-09-03","15:00 (22:00)","Newcastle Utd","Crystal Palace",0,0,2.8,1,"Michael Salisbury","St James' Park",51863,"https://fbref.com/en/matches/4ca4efa3/Newcastle-United-Crystal-Palace-September-3-2022-Premier-League"
6,"Sat","2022-09-03","15:00 (22:00)","Chelsea","West Ham",2,1,0.9,1.1,"Andy Madley","Stamford Bridge",39923,"https://fbref.com/en/matches/d7642197/Chelsea-West-Ham-United-September-3-2022-Premier-League"
6,"Sat","2022-09-03","15:00 (22:00)","Brentford","Leeds United",5,2,2.3,1.7,"Robert Jones","Brentford Community Stadium",17092,"https://fbref.com/en/matches/88f9aad9/Brentford-Leeds-United-September-3-2022-Premier-League"
6,"Sat","2022-09-03","17:30 (00:30)","Aston Villa","Manchester City",1,1,0.3,2.1,"Simon Hooper","Villa Park",41830,"https://fbref.com/en/matches/3091f0b8/Aston-Villa-Manchester-City-September-3-2022-Premier-League"
6,"Sun","2022-09-04","14:00 (21:00)","Brighton","Leicester City",5,2,2.6,1.4,"Tony Harrington","The American Express Community Stadium",31185,"https://fbref.com/en/matches/42d5b3b1/Brighton-and-Hove-Albion-Leicester-City-September-4-2022-Premier-League"
6,"Sun","2022-09-04","16:30 (23:30)","Manchester Utd","Arsenal",3,1,1.5,1.3,"Paul Tierney","Old Trafford",73431,"https://fbref.com/en/matches/61ddafa5/Manchester-United-Arsenal-September-4-2022-Premier-League"
8,"Fri","2022-09-16","20:00 (03:00)","Nott'ham Forest","Fulham",2,3,1.4,0.9,"Jarred Gillett","The City Ground",28654,"https://fbref.com/en/matches/d0d07e66/Nottingham-Forest-Fulham-September-16-2022-Premier-League"
8,"Fri","2022-09-16","20:00 (03:00)","Aston Villa","Southampton",1,0,1.5,0.3,"Tony Harrington","Villa Park",40758,"https://fbref.com/en/matches/1219daa1/Aston-Villa-Southampton-September-16-2022-Premier-League"
8,"Sat","2022-09-17","12:30 (19:30)","Wolves","Manchester City",0,3,0.4,1.1,"Anthony Taylor","Molineux Stadium",31578,"https://fbref.com/en/matches/96b5cc15/Wolverhampton-Wanderers-Manchester-City-September-17-2022-Premier-League"
8,"Sat","2022-09-17","15:00 (22:00)","Newcastle Utd","Bournemouth",1,1,1.9,0.7,"Craig Pawson","St James' Park",52238,"https://fbref.com/en/matches/177da679/Newcastle-United-Bournemouth-September-17-2022-Premier-League"
8,"Sat","2022-09-17","17:30 (00:30)","Tottenham","Leicester City",6,2,2.2,1.8,"Simon Hooper","Tottenham Hotspur Stadium",61450,"https://fbref.com/en/matches/99e44c16/Tottenham-Hotspur-Leicester-City-September-17-2022-Premier-League"
8,"Sun","2022-09-18","12:00 (19:00)","Brentford","Arsenal",0,3,0.5,1.5,"David Coote","Brentford Community Stadium",17122,"https://fbref.com/en/matches/fd5626e6/Brentford-Arsenal-September-18-2022-Premier-League"
8,"Sun","2022-09-18","14:15 (21:15)","Everton","West Ham",1,0,0.4,1,"Michael Oliver","Goodison Park",39298,"https://fbref.com/en/matches/96e9dc0f/Everton-West-Ham-United-September-18-2022-Premier-League"
9,"Sat","2022-10-01","12:30 (19:30)","Arsenal","Tottenham",3,1,2.4,1.6,"Anthony Taylor","Emirates Stadium",60278,"https://fbref.com/en/matches/aefe3b90/North-London-Derby-Arsenal-Tottenham-Hotspur-October-1-2022-Premier-League"
9,"Sat","2022-10-01","15:00 (22:00)","Fulham","Newcastle Utd",1,4,0.5,3.3,"Darren England","Craven Cottage",22913,"https://fbref.com/en/matches/dcde1172/Fulham-Newcastle-United-October-1-2022-Premier-League"
9,"Sat","2022-10-01","15:00 (22:00)","Liverpool","Brighton",3,3,1.5,1.4,"Andy Madley","Anfield",53320,"https://fbref.com/en/matches/aadd2e80/Liverpool-Brighton-and-Hove-Albion-October-1-2022-Premier-League"
9,"Sat","2022-10-01","15:00 (22:00)","Crystal Palace","Chelsea",1,2,0.4,1.1,"Chris Kavanagh","Selhurst Park",25198,"https://fbref.com/en/matches/372249f3/Crystal-Palace-Chelsea-October-1-2022-Premier-League"
9,"Sat","2022-10-01","15:00 (22:00)","Bournemouth","Brentford",0,0,0.4,0.9,"Thomas Bramall","Vitality Stadium",10126,"https://fbref.com/en/matches/f2e86b27/Bournemouth-Brentford-October-1-2022-Premier-League"
9,"Sat","2022-10-01","15:00 (22:00)","Southampton","Everton",1,2,1.7,2,"Andre Marriner","St. Mary's Stadium",30510,"https://fbref.com/en/matches/06d00bcb/Southampton-Everton-October-1-2022-Premier-League"
9,"Sat","2022-10-01","17:30 (00:30)","West Ham","Wolves",2,0,0.9,0.7,"Paul Tierney","London Stadium",62444,"https://fbref.com/en/matches/89ff6cd8/West-Ham-United-Wolverhampton-Wanderers-October-1-2022-Premier-League"
9,"Sun","2022-10-02","14:00 (21:00)","Manchester City","Manchester Utd",6,3,3.2,1.7,"Michael Oliver","Etihad Stadium",53475,"https://fbref.com/en/matches/886e6108/Manchester-Derby-Manchester-City-Manchester-United-October-2-2022-Premier-League"
9,"Sun","2022-10-02","16:30 (23:30)","Leeds United","Aston Villa",0,0,0.4,2.2,"Stuart Attwell","Elland Road",36582,"https://fbref.com/en/matches/627d2279/Leeds-United-Aston-Villa-October-2-2022-Premier-League"
9,"Mon","2022-10-03","20:00 (03:00)","Leicester City","Nott'ham Forest",4,0,1.3,1.1,"Robert Jones","King Power Stadium",32202,"https://fbref.com/en/matches/a7976021/Leicester-City-Nottingham-Forest-October-3-2022-Premier-League"
10,"Sat","2022-10-08","15:00 (22:00)","Newcastle Utd","Brentford",5,1,1.5,1.2,"John Brooks","St James' Park",52067,"https://fbref.com/en/matches/7dd42d3f/Newcastle-United-Brentford-October-8-2022-Premier-League"
10,"Sat","2022-10-08","15:00 (22:00)","Bournemouth","Leicester City",2,1,1.1,1,"Michael Salisbury","Vitality Stadium",10272,"https://fbref.com/en/matches/7db2a40a/Bournemouth-Leicester-City-October-8-2022-Premier-League"
10,"Sat","2022-10-08","15:00 (22:00)","Chelsea","Wolves",3,0,1.9,1.1,"Simon Hooper","Stamford Bridge",39940,"https://fbref.com/en/matches/c83cb314/Chelsea-Wolverhampton-Wanderers-October-8-2022-Premier-League"
10,"Sat","2022-10-08","15:00 (22:00)","Manchester City","Southampton",4,0,2.4,0.2,"Andy Madley","Etihad Stadium",53365,"https://fbref.com/en/matches/864294c0/Manchester-City-Southampton-October-8-2022-Premier-League"
10,"Sat","2022-10-08","17:30 (00:30)","Brighton","Tottenham",0,1,0.7,0.8,"Tony Harrington","The American Express Community Stadium",31498,"https://fbref.com/en/matches/3eeefbc5/Brighton-and-Hove-Albion-Tottenham-Hotspur-October-8-2022-Premier-League"
10,"Sun","2022-10-09","14:00 (21:00)","West Ham","Fulham",3,1,2.4,0.7,"Chris Kavanagh","London Stadium",62407,"https://fbref.com/en/matches/42e38f9d/West-Ham-United-Fulham-October-9-2022-Premier-League"
10,"Sun","2022-10-09","14:00 (21:00)","Crystal Palace","Leeds United",2,1,1.1,1,"Paul Tierney","Selhurst Park",25042,"https://fbref.com/en/matches/f9563020/Crystal-Palace-Leeds-United-October-9-2022-Premier-League"
10,"Sun","2022-10-09","16:30 (23:30)","Arsenal","Liverpool",3,2,2.7,1.1,"Michael Oliver","Emirates Stadium",60059,"https://fbref.com/en/matches/84a48413/Arsenal-Liverpool-October-9-2022-Premier-League"
10,"Sun","2022-10-09","19:00 (02:00)","Everton","Manchester Utd",1,2,0.6,1.4,"David Coote","Goodison Park",39258,"https://fbref.com/en/matches/5d426690/Everton-Manchester-United-October-9-2022-Premier-League"
10,"Mon","2022-10-10","20:00 (03:00)","Nott'ham Forest","Aston Villa",1,1,0.3,0.7,"Anthony Taylor","The City Ground",29208,"https://fbref.com/en/matches/fb99ddf9/Nottingham-Forest-Aston-Villa-October-10-2022-Premier-League"
11,"Fri","2022-10-14","20:00 (03:00)","Brentford","Brighton",2,0,1.5,1.9,"Michael Salisbury","Brentford Community Stadium",17016,"https://fbref.com/en/matches/69409682/Brentford-Brighton-and-Hove-Albion-October-14-2022-Premier-League"
11,"Sat","2022-10-15","12:30 (19:30)","Leicester City","Crystal Palace",0,0,1,0.4,"Andy Madley","King Power Stadium",31298,"https://fbref.com/en/matches/37677e58/Leicester-City-Crystal-Palace-October-15-2022-Premier-League"
11,"Sat","2022-10-15","15:00 (22:00)","Fulham","Bournemouth",2,2,2.1,1,"Graham Scott","Craven Cottage",22541,"https://fbref.com/en/matches/ab7f61dd/Fulham-Bournemouth-October-15-2022-Premier-League"
11,"Sat","2022-10-15","15:00 (22:00)","Wolves","Nott'ham Forest",1,0,1.3,1.5,"Thomas Bramall","Molineux Stadium",31554,"https://fbref.com/en/matches/c9f8e7e9/Wolverhampton-Wanderers-Nottingham-Forest-October-15-2022-Premier-League"
11,"Sat","2022-10-15","17:30 (00:30)","Tottenham","Everton",2,0,2.2,0.4,"Paul Tierney","Tottenham Hotspur Stadium",61812,"https://fbref.com/en/matches/e42493f9/Tottenham-Hotspur-Everton-October-15-2022-Premier-League"
11,"Sun","2022-10-16","14:00 (21:00)","Manchester Utd","Newcastle Utd",0,0,0.8,0.8,"Craig Pawson","Old Trafford",73726,"https://fbref.com/en/matches/e0b9c72c/Manchester-United-Newcastle-United-October-16-2022-Premier-League"
11,"Sun","2022-10-16","14:00 (21:00)","Aston Villa","Chelsea",0,2,1.8,0.9,"Robert Jones","Villa Park",41754,"https://fbref.com/en/matches/7113ce7f/Aston-Villa-Chelsea-October-16-2022-Premier-League"
11,"Sun","2022-10-16","14:00 (21:00)","Leeds United","Arsenal",0,1,1.8,0.5,"Chris Kavanagh","Elland Road",36700,"https://fbref.com/en/matches/92885cfc/Leeds-United-Arsenal-October-16-2022-Premier-League"
11,"Sun","2022-10-16","14:00 (21:00)","Southampton","West Ham",1,1,0.5,1.7,"Peter Bankes","St. Mary's Stadium",29159,"https://fbref.com/en/matches/2f5adfad/Southampton-West-Ham-United-October-16-2022-Premier-League"
11,"Sun","2022-10-16","16:30 (23:30)","Liverpool","Manchester City",1,0,2.1,1,"Anthony Taylor","Anfield",53286,"https://fbref.com/en/matches/2ed4b79f/Liverpool-Manchester-City-October-16-2022-Premier-League"
12,"Tue","2022-10-18","19:30 (02:30)","Brighton","Nott'ham Forest",0,0,1.7,0.1,"Darren England","The American Express Community Stadium",31463,"https://fbref.com/en/matches/4f876daa/Brighton-and-Hove-Albion-Nottingham-Forest-October-18-2022-Premier-League"
12,"Tue","2022-10-18","20:15 (03:15)","Crystal Palace","Wolves",2,1,1.2,0.8,"David Coote","Selhurst Park",25125,"https://fbref.com/en/matches/60705c6d/Crystal-Palace-Wolverhampton-Wanderers-October-18-2022-Premier-League"
12,"Wed","2022-10-19","19:30 (02:30)","Bournemouth","Southampton",0,1,1,1,"John Brooks","Vitality Stadium",10405,"https://fbref.com/en/matches/8a2bb3b6/Bournemouth-Southampton-October-19-2022-Premier-League"
12,"Wed","2022-10-19","19:30 (02:30)","Newcastle Utd","Everton",1,0,1.5,0.2,"Tony Harrington","St James' Park",52247,"https://fbref.com/en/matches/e6674f8d/Newcastle-United-Everton-October-19-2022-Premier-League"
12,"Wed","2022-10-19","19:30 (02:30)","Brentford","Chelsea",0,0,1.3,0.9,"Jarred Gillett","Brentford Community Stadium",17118,"https://fbref.com/en/matches/b7a32aeb/Brentford-Chelsea-October-19-2022-Premier-League"
12,"Wed","2022-10-19","19:30 (02:30)","Liverpool","West Ham",1,0,1.7,1.7,"Stuart Attwell","Anfield",52982,"https://fbref.com/en/matches/dba5c5ec/Liverpool-West-Ham-United-October-19-2022-Premier-League"
12,"Wed","2022-10-19","20:15 (03:15)","Manchester Utd","Tottenham",2,0,1.5,0.6,"Simon Hooper","Old Trafford",73677,"https://fbref.com/en/matches/eebe78c1/Manchester-United-Tottenham-Hotspur-October-19-2022-Premier-League"
12,"Thu","2022-10-20","19:30 (02:30)","Fulham","Aston Villa",3,0,2.1,1.2,"Michael Oliver","Craven Cottage",23508,"https://fbref.com/en/matches/e6102606/Fulham-Aston-Villa-October-20-2022-Premier-League"
12,"Thu","2022-10-20","20:15 (03:15)","Leicester City","Leeds United",2,0,0.8,1.3,"Peter Bankes","King Power Stadium",30814,"https://fbref.com/en/matches/6356af5a/Leicester-City-Leeds-United-October-20-2022-Premier-League"
13,"Sat","2022-10-22","12:30 (19:30)","Nott'ham Forest","Liverpool",1,0,1.9,1.6,"Paul Tierney","The City Ground",29245,"https://fbref.com/en/matches/f92b67c2/Nottingham-Forest-Liverpool-October-22-2022-Premier-League"
13,"Sat","2022-10-22","15:00 (22:00)","Everton","Crystal Palace",3,0,1.4,0.9,"Simon Hooper","Goodison Park",38939,"https://fbref.com/en/matches/24d23a55/Everton-Crystal-Palace-October-22-2022-Premier-League"
13,"Sat","2022-10-22","15:00 (22:00)","Manchester City","Brighton",3,1,1.6,0.5,"Craig Pawson","Etihad Stadium",53223,"https://fbref.com/en/matches/cd5cd3f0/Manchester-City-Brighton-and-Hove-Albion-October-22-2022-Premier-League"
13,"Sat","2022-10-22","17:30 (00:30)","Chelsea","Manchester Utd",1,1,1.1,0.8,"Stuart Attwell","Stamford Bridge",39503,"https://fbref.com/en/matches/7ad85c8a/Chelsea-Manchester-United-October-22-2022-Premier-League"
13,"Sun","2022-10-23","14:00 (21:00)","Wolves","Leicester City",0,4,2.1,0.9,"Michael Oliver","Molineux Stadium",31425,"https://fbref.com/en/matches/8774e664/Wolverhampton-Wanderers-Leicester-City-October-23-2022-Premier-League"
13,"Sun","2022-10-23","14:00 (21:00)","Aston Villa","Brentford",4,0,2.8,0.9,"Darren England","Villa Park",41693,"https://fbref.com/en/matches/7764ca02/Aston-Villa-Brentford-October-23-2022-Premier-League"
13,"Sun","2022-10-23","14:00 (21:00)","Leeds United","Fulham",2,3,1.6,1.8,"Anthony Taylor","Elland Road",36447,"https://fbref.com/en/matches/d7b30e2b/Leeds-United-Fulham-October-23-2022-Premier-League"
13,"Sun","2022-10-23","14:00 (21:00)","Southampton","Arsenal",1,1,0.7,1,"Robert Jones","St. Mary's Stadium",31145,"https://fbref.com/en/matches/d8138438/Southampton-Arsenal-October-23-2022-Premier-League"
13,"Sun","2022-10-23","16:30 (23:30)","Tottenham","Newcastle Utd",1,2,1.6,1.2,"Jarred Gillett","Tottenham Hotspur Stadium",61726,"https://fbref.com/en/matches/ae21490f/Tottenham-Hotspur-Newcastle-United-October-23-2022-Premier-League"
13,"Mon","2022-10-24","20:00 (03:00)","West Ham","Bournemouth",2,0,1.9,0.4,"David Coote","London Stadium",62447,"https://fbref.com/en/matches/e9d1a18b/West-Ham-United-Bournemouth-October-24-2022-Premier-League"
14,"Sat","2022-10-29","12:30 (19:30)","Leicester City","Manchester City",0,1,0.7,1,"Robert Jones","King Power Stadium",32223,"https://fbref.com/en/matches/96b9ae4e/Leicester-City-Manchester-City-October-29-2022-Premier-League"
14,"Sat","2022-10-29","15:00 (22:00)","Crystal Palace","Southampton",1,0,0.9,1.3,"Michael Salisbury","Selhurst Park",25130,"https://fbref.com/en/matches/4be07239/Crystal-Palace-Southampton-October-29-2022-Premier-League"
14,"Sat","2022-10-29","15:00 (22:00)","Newcastle Utd","Aston Villa",4,0,3.4,0.4,"Paul Tierney","St James' Park",52233,"https://fbref.com/en/matches/96f5ee84/Newcastle-United-Aston-Villa-October-29-2022-Premier-League"
14,"Sat","2022-10-29","15:00 (22:00)","Bournemouth","Tottenham",2,3,0.5,2,"Anthony Taylor","Vitality Stadium",10430,"https://fbref.com/en/matches/dcb3b971/Bournemouth-Tottenham-Hotspur-October-29-2022-Premier-League"
14,"Sat","2022-10-29","15:00 (22:00)","Brighton","Chelsea",4,1,2.4,1.4,"Andy Madley","The American Express Community Stadium",31746,"https://fbref.com/en/matches/ac6abad1/Brighton-and-Hove-Albion-Chelsea-October-29-2022-Premier-League"
14,"Sat","2022-10-29","15:00 (22:00)","Brentford","Wolves",1,1,1.4,0.6,"Robert Madley","Brentford Community Stadium",17051,"https://fbref.com/en/matches/41e403d3/Brentford-Wolverhampton-Wanderers-October-29-2022-Premier-League"
14,"Sat","2022-10-29","17:30 (00:30)","Fulham","Everton",0,0,1.9,0.9,"John Brooks","Craven Cottage",23534,"https://fbref.com/en/matches/9c4402e1/Fulham-Everton-October-29-2022-Premier-League"
14,"Sat","2022-10-29","19:45 (02:45)","Liverpool","Leeds United",1,2,1.7,1.8,"Michael Oliver","Anfield",53274,"https://fbref.com/en/matches/b5b1e744/Liverpool-Leeds-United-October-29-2022-Premier-League"
14,"Sun","2022-10-30","14:00 (22:00)","Arsenal","Nott'ham Forest",5,0,2.3,0.4,"Simon Hooper","Emirates Stadium",60263,"https://fbref.com/en/matches/1b496cc1/Arsenal-Nottingham-Forest-October-30-2022-Premier-League"
14,"Sun","2022-10-30","16:15 (00:15)","Manchester Utd","West Ham",1,0,1.2,1.1,"Chris Kavanagh","Old Trafford",73682,"https://fbref.com/en/matches/cd0f59f6/Manchester-United-West-Ham-United-October-30-2022-Premier-League"
15,"Sat","2022-11-05","15:00 (23:00)","Leeds United","Bournemouth",4,3,2.2,1.5,"Tony Harrington","Elland Road",36304,"https://fbref.com/en/matches/63975c3e/Leeds-United-Bournemouth-November-5-2022-Premier-League"
15,"Sat","2022-11-05","15:00 (23:00)","Wolves","Brighton",2,3,1.2,1.5,"Graham Scott","Molineux Stadium",30732,"https://fbref.com/en/matches/982d16a2/Wolverhampton-Wanderers-Brighton-and-Hove-Albion-November-5-2022-Premier-League"
15,"Sat","2022-11-05","15:00 (23:00)","Manchester City","Fulham",2,1,2.1,1,"Darren England","Etihad Stadium",52395,"https://fbref.com/en/matches/6ef27b3c/Manchester-City-Fulham-November-5-2022-Premier-League"
15,"Sat","2022-11-05","15:00 (23:00)","Nott'ham Forest","Brentford",2,2,1.5,1.5,"Andre Marriner","The City Ground",28869,"https://fbref.com/en/matches/12251835/Nottingham-Forest-Brentford-November-5-2022-Premier-League"
15,"Sat","2022-11-05","17:30 (01:30)","Everton","Leicester City",0,2,1.2,2.3,"David Coote","Goodison Park",39206,"https://fbref.com/en/matches/831c73fc/Everton-Leicester-City-November-5-2022-Premier-League"
15,"Sun","2022-11-06","12:00 (20:00)","Chelsea","Arsenal",0,1,0.3,2.1,"Michael Oliver","Stamford Bridge",40142,"https://fbref.com/en/matches/af9dc838/North-West-London-Derby-Chelsea-Arsenal-November-6-2022-Premier-League"
15,"Sun","2022-11-06","14:00 (22:00)","Southampton","Newcastle Utd",1,4,1.7,0.9,"Stuart Attwell","St. Mary's Stadium",30402,"https://fbref.com/en/matches/57f9bcc9/Southampton-Newcastle-United-November-6-2022-Premier-League"
15,"Sun","2022-11-06","14:00 (22:00)","West Ham","Crystal Palace",1,2,0.3,1,"Paul Tierney","London Stadium",62451,"https://fbref.com/en/matches/2586fb04/West-Ham-United-Crystal-Palace-November-6-2022-Premier-League"
15,"Sun","2022-11-06","14:00 (22:00)","Aston Villa","Manchester Utd",3,1,0.6,0.5,"Anthony Taylor","Villa Park",42058,"https://fbref.com/en/matches/6638574f/Aston-Villa-Manchester-United-November-6-2022-Premier-League"
15,"Sun","2022-11-06","16:30 (00:30)","Tottenham","Liverpool",1,2,1.2,1.2,"Andy Madley","Tottenham Hotspur Stadium",62008,"https://fbref.com/en/matches/2954504d/Tottenham-Hotspur-Liverpool-November-6-2022-Premier-League"
16,"Sat","2022-11-12","12:30 (20:30)","Manchester City","Brentford",1,2,1.6,1.3,"Peter Bankes","Etihad Stadium",52786,"https://fbref.com/en/matches/28b60c1b/Manchester-City-Brentford-November-12-2022-Premier-League"
16,"Sat","2022-11-12","15:00 (23:00)","Tottenham","Leeds United",4,3,1.8,1.1,"Michael Salisbury","Tottenham Hotspur Stadium",61667,"https://fbref.com/en/matches/0030e686/Tottenham-Hotspur-Leeds-United-November-12-2022-Premier-League"
16,"Sat","2022-11-12","15:00 (23:00)","Nott'ham Forest","Crystal Palace",1,0,1.1,1.2,"John Brooks","The City Ground",29045,"https://fbref.com/en/matches/ee827a60/Nottingham-Forest-Crystal-Palace-November-12-2022-Premier-League"
16,"Sat","2022-11-12","15:00 (23:00)","West Ham","Leicester City",0,2,1.4,1.8,"Jarred Gillett","London Stadium",62459,"https://fbref.com/en/matches/6e89557a/West-Ham-United-Leicester-City-November-12-2022-Premier-League"
16,"Sat","2022-11-12","15:00 (23:00)","Liverpool","Southampton",3,1,1.9,1.1,"Simon Hooper","Anfield",53331,"https://fbref.com/en/matches/1579d34b/Liverpool-Southampton-November-12-2022-Premier-League"
16,"Sat","2022-11-12","15:00 (23:00)","Bournemouth","Everton",3,0,2.4,0.8,"Craig Pawson","Vitality Stadium",10382,"https://fbref.com/en/matches/54f23f03/Bournemouth-Everton-November-12-2022-Premier-League"
16,"Sat","2022-11-12","17:30 (01:30)","Newcastle Utd","Chelsea",1,0,1,0.3,"Robert Jones","St James' Park",52264,"https://fbref.com/en/matches/e1b3eb1b/Newcastle-United-Chelsea-November-12-2022-Premier-League"
16,"Sat","2022-11-12","19:45 (03:45)","Wolves","Arsenal",0,2,0.7,2.1,"Stuart Attwell","Molineux Stadium",34624,"https://fbref.com/en/matches/863d7a8f/Wolverhampton-Wanderers-Arsenal-November-12-2022-Premier-League"
16,"Sun","2022-11-13","14:00 (22:00)","Brighton","Aston Villa",1,2,0.6,1.5,"Chris Kavanagh","The American Express Community Stadium",31581,"https://fbref.com/en/matches/a7031cbd/Brighton-and-Hove-Albion-Aston-Villa-November-13-2022-Premier-League"
16,"Sun","2022-11-13","16:30 (00:30)","Fulham","Manchester Utd",1,2,1.4,2.5,"Paul Tierney","Craven Cottage",24246,"https://fbref.com/en/matches/af75b6b0/Fulham-Manchester-United-November-13-2022-Premier-League"
17,"Mon","2022-12-26","12:30 (20:30)","Brentford","Tottenham",2,2,2,1.1,"David Coote","Brentford Community Stadium",17137,"https://fbref.com/en/matches/14e4f648/Brentford-Tottenham-Hotspur-December-26-2022-Premier-League"
17,"Mon","2022-12-26","15:00 (23:00)","Crystal Palace","Fulham",0,3,0.4,2.5,"Andy Madley","Selhurst Park",25176,"https://fbref.com/en/matches/bbb301a6/Crystal-Palace-Fulham-December-26-2022-Premier-League"
17,"Mon","2022-12-26","15:00 (23:00)","Everton","Wolves",1,2,1.7,0.8,"Craig Pawson","Goodison Park",39252,"https://fbref.com/en/matches/ef424180/Everton-Wolverhampton-Wanderers-December-26-2022-Premier-League"
17,"Mon","2022-12-26","15:00 (23:00)","Leicester City","Newcastle Utd",0,3,0.5,1.9,"Jarred Gillett","King Power Stadium",32185,"https://fbref.com/en/matches/8e186153/Leicester-City-Newcastle-United-December-26-2022-Premier-League"
17,"Mon","2022-12-26","15:00 (23:00)","Southampton","Brighton",1,3,1.9,0.6,"Robert Jones","St. Mary's Stadium",31010,"https://fbref.com/en/matches/3527c390/Southampton-Brighton-and-Hove-Albion-December-26-2022-Premier-League"
17,"Mon","2022-12-26","17:30 (01:30)","Aston Villa","Liverpool",1,3,1.4,2.7,"Paul Tierney","Villa Park",42085,"https://fbref.com/en/matches/ab7d4465/Aston-Villa-Liverpool-December-26-2022-Premier-League"
17,"Mon","2022-12-26","20:00 (04:00)","Arsenal","West Ham",3,1,2.1,1,"Michael Oliver","Emirates Stadium",60125,"https://fbref.com/en/matches/3be32b8b/Arsenal-West-Ham-United-December-26-2022-Premier-League"
17,"Tue","2022-12-27","17:30 (01:30)","Chelsea","Bournemouth",2,0,1.8,0.5,"Simon Hooper","Stamford Bridge",40046,"https://fbref.com/en/matches/d55b9033/Chelsea-Bournemouth-December-27-2022-Premier-League"
17,"Tue","2022-12-27","20:00 (04:00)","Manchester Utd","Nott'ham Forest",3,0,2.4,0.7,"Anthony Taylor","Old Trafford",73608,"https://fbref.com/en/matches/b860f634/Manchester-United-Nottingham-Forest-December-27-2022-Premier-League"
17,"Wed","2022-12-28","20:00 (04:00)","Leeds United","Manchester City",1,3,0.6,4.3,"Stuart Attwell","Elland Road",36889,"https://fbref.com/en/matches/a85ef749/Leeds-United-Manchester-City-December-28-2022-Premier-League"
18,"Fri","2022-12-30","19:45 (03:45)","West Ham","Brentford",0,2,1.3,1.6,"Darren England","London Stadium",62467,"https://fbref.com/en/matches/56acbbbe/West-Ham-United-Brentford-December-30-2022-Premier-League"
18,"Fri","2022-12-30","20:00 (04:00)","Liverpool","Leicester City",2,1,2.2,1,"Craig Pawson","Anfield",53343,"https://fbref.com/en/matches/c5e4ccf5/Liverpool-Leicester-City-December-30-2022-Premier-League"
18,"Sat","2022-12-31","12:30 (20:30)","Wolves","Manchester Utd",0,1,0.7,2,"Robert Jones","Molineux Stadium",31658,"https://fbref.com/en/matches/8ef80305/Wolverhampton-Wanderers-Manchester-United-December-31-2022-Premier-League"
18,"Sat","2022-12-31","15:00 (23:00)","Newcastle Utd","Leeds United",0,0,2.2,0.4,"Simon Hooper","St James' Park",52211,"https://fbref.com/en/matches/0facecde/Newcastle-United-Leeds-United-December-31-2022-Premier-League"
18,"Sat","2022-12-31","15:00 (23:00)","Fulham","Southampton",2,1,1.5,0.8,"Graham Scott","Craven Cottage",24344,"https://fbref.com/en/matches/a15bf99e/Fulham-Southampton-December-31-2022-Premier-League"
18,"Sat","2022-12-31","15:00 (23:00)","Bournemouth","Crystal Palace",0,2,0.6,1.6,"Andre Marriner","Vitality Stadium",9972,"https://fbref.com/en/matches/dab2ed3a/Bournemouth-Crystal-Palace-December-31-2022-Premier-League"
18,"Sat","2022-12-31","15:00 (23:00)","Manchester City","Everton",1,1,1.7,0.1,"Andy Madley","Etihad Stadium",53444,"https://fbref.com/en/matches/bcfb66ff/Manchester-City-Everton-December-31-2022-Premier-League"
18,"Sat","2022-12-31","17:30 (01:30)","Brighton","Arsenal",2,4,1.2,2.9,"Anthony Taylor","The American Express Community Stadium",31647,"https://fbref.com/en/matches/dd50a429/Brighton-and-Hove-Albion-Arsenal-December-31-2022-Premier-League"
18,"Sun","2023-01-01","14:00 (22:00)","Tottenham","Aston Villa",0,2,0.7,1,"John Brooks","Tottenham Hotspur Stadium",61651,"https://fbref.com/en/matches/63e8eaf8/Tottenham-Hotspur-Aston-Villa-January-1-2023-Premier-League"
18,"Sun","2023-01-01","16:30 (00:30)","Nott'ham Forest","Chelsea",1,1,1.4,0.9,"Peter Bankes","The City Ground",29229,"https://fbref.com/en/matches/c31cf944/Nottingham-Forest-Chelsea-January-1-2023-Premier-League"
19,"Mon","2023-01-02","17:30 (01:30)","Brentford","Liverpool",3,1,1.6,0.9,"Stuart Attwell","Brentford Community Stadium",17163,"https://fbref.com/en/matches/af6aa183/Brentford-Liverpool-January-2-2023-Premier-League"
19,"Tue","2023-01-03","19:45 (03:45)","Leicester City","Fulham",0,1,1.7,1.7,"Darren Bond","King Power Stadium",30813,"https://fbref.com/en/matches/12e0894b/Leicester-City-Fulham-January-3-2023-Premier-League"
19,"Tue","2023-01-03","19:45 (03:45)","Everton","Brighton",1,4,1.3,2.2,"Andre Marriner","Goodison Park",39103,"https://fbref.com/en/matches/c62d7632/Everton-Brighton-and-Hove-Albion-January-3-2023-Premier-League"
19,"Tue","2023-01-03","19:45 (03:45)","Arsenal","Newcastle Utd",0,0,1.1,1,"Andy Madley","Emirates Stadium",60319,"https://fbref.com/en/matches/ceebd643/Arsenal-Newcastle-United-January-3-2023-Premier-League"
19,"Tue","2023-01-03","20:00 (04:00)","Manchester Utd","Bournemouth",3,0,2.2,0.6,"Michael Salisbury","Old Trafford",73322,"https://fbref.com/en/matches/63fc7f12/Manchester-United-Bournemouth-January-3-2023-Premier-League"
19,"Wed","2023-01-04","19:30 (03:30)","Southampton","Nott'ham Forest",0,1,0.5,1.4,"Thomas Bramall","St. Mary's Stadium",30150,"https://fbref.com/en/matches/cc17c735/Southampton-Nottingham-Forest-January-4-2023-Premier-League"
19,"Wed","2023-01-04","19:45 (03:45)","Leeds United","West Ham",2,2,1.6,1.4,"David Coote","Elland Road",36173,"https://fbref.com/en/matches/068406dc/Leeds-United-West-Ham-United-January-4-2023-Premier-League"
19,"Wed","2023-01-04","20:00 (04:00)","Crystal Palace","Tottenham",0,4,0.8,1.4,"Michael Oliver","Selhurst Park",25132,"https://fbref.com/en/matches/d8118454/Crystal-Palace-Tottenham-Hotspur-January-4-2023-Premier-League"
19,"Wed","2023-01-04","20:00 (04:00)","Aston Villa","Wolves",1,1,1.8,0.9,"Jarred Gillett","Villa Park",39978,"https://fbref.com/en/matches/895a1c1f/Aston-Villa-Wolverhampton-Wanderers-January-4-2023-Premier-League"
19,"Thu","2023-01-05","20:00 (04:00)","Chelsea","Manchester City",0,1,0.4,2,"Paul Tierney","Stamford Bridge",39998,"https://fbref.com/en/matches/eacda90c/Chelsea-Manchester-City-January-5-2023-Premier-League"
7,"Thu","2023-01-12","20:00 (04:00)","Fulham","Chelsea",2,1,1,2.1,"David Coote","Craven Cottage",24460,"https://fbref.com/en/matches/2902a42d/Fulham-Chelsea-January-12-2023-Premier-League"
20,"Fri","2023-01-13","20:00 (04:00)","Aston Villa","Leeds United",2,1,1.2,2.4,"Michael Oliver","Villa Park",42008,"https://fbref.com/en/matches/ea58bf24/Aston-Villa-Leeds-United-January-13-2023-Premier-League"
20,"Sat","2023-01-14","12:30 (20:30)","Manchester Utd","Manchester City",2,1,1.7,0.6,"Stuart Attwell","Old Trafford",75546,"https://fbref.com/en/matches/f0fd7541/Manchester-Derby-Manchester-United-Manchester-City-January-14-2023-Premier-League"
20,"Sat","2023-01-14","15:00 (23:00)","Nott'ham Forest","Leicester City",2,0,2.4,1,"Paul Tierney","The City Ground",29301,"https://fbref.com/en/matches/95d3b457/Nottingham-Forest-Leicester-City-January-14-2023-Premier-League"
20,"Sat","2023-01-14","15:00 (23:00)","Wolves","West Ham",1,0,0.9,1.1,"Simon Hooper","Molineux Stadium",31511,"https://fbref.com/en/matches/20fbd1a1/Wolverhampton-Wanderers-West-Ham-United-January-14-2023-Premier-League"
20,"Sat","2023-01-14","15:00 (23:00)","Brighton","Liverpool",3,0,1.9,1,"Darren England","The American Express Community Stadium",31645,"https://fbref.com/en/matches/cfc2a193/Brighton-and-Hove-Albion-Liverpool-January-14-2023-Premier-League"
20,"Sat","2023-01-14","15:00 (23:00)","Everton","Southampton",1,2,1.4,1.2,"John Brooks","Goodison Park",39305,"https://fbref.com/en/matches/11603f7f/Everton-Southampton-January-14-2023-Premier-League"
20,"Sat","2023-01-14","17:30 (01:30)","Brentford","Bournemouth",2,0,1.4,0.6,"Jarred Gillett","Brentford Community Stadium",17031,"https://fbref.com/en/matches/3f992264/Brentford-Bournemouth-January-14-2023-Premier-League"
20,"Sun","2023-01-15","14:00 (22:00)","Newcastle Utd","Fulham",1,0,2.2,1.1,"Robert Jones","St James' Park",52247,"https://fbref.com/en/matches/f93d11e7/Newcastle-United-Fulham-January-15-2023-Premier-League"
20,"Sun","2023-01-15","14:00 (22:00)","Chelsea","Crystal Palace",1,0,1.5,0.7,"Peter Bankes","Stamford Bridge",40075,"https://fbref.com/en/matches/564d2893/Chelsea-Crystal-Palace-January-15-2023-Premier-League"
20,"Sun","2023-01-15","16:30 (00:30)","Tottenham","Arsenal",0,2,1.6,1.8,"Craig Pawson","Tottenham Hotspur Stadium",61870,"https://fbref.com/en/matches/4fc8b7b2/North-London-Derby-Tottenham-Hotspur-Arsenal-January-15-2023-Premier-League"
7,"Wed","2023-01-18","20:00 (04:00)","Crystal Palace","Manchester Utd",1,1,0.5,2.1,"Robert Jones","Selhurst Park",23343,"https://fbref.com/en/matches/adf46096/Crystal-Palace-Manchester-United-January-18-2023-Premier-League"
7,"Thu","2023-01-19","20:00 (04:00)","Manchester City","Tottenham",4,2,2.3,0.8,"Simon Hooper","Etihad Stadium",53088,"https://fbref.com/en/matches/847f0a9c/Manchester-City-Tottenham-Hotspur-January-19-2023-Premier-League"
21,"Sat","2023-01-21","12:30 (20:30)","Liverpool","Chelsea",0,0,1.4,1.6,"Michael Oliver","Anfield",53126,"https://fbref.com/en/matches/7febc290/Liverpool-Chelsea-January-21-2023-Premier-League"
21,"Sat","2023-01-21","15:00 (23:00)","Southampton","Aston Villa",0,1,0.6,1.4,"Michael Salisbury","St. Mary's Stadium",30158,"https://fbref.com/en/matches/91d49468/Southampton-Aston-Villa-January-21-2023-Premier-League"
21,"Sat","2023-01-21","15:00 (23:00)","Bournemouth","Nott'ham Forest",1,1,1.4,1.9,"Andy Madley","Vitality Stadium",10248,"https://fbref.com/en/matches/38c715b4/Bournemouth-Nottingham-Forest-January-21-2023-Premier-League"
21,"Sat","2023-01-21","15:00 (23:00)","Leicester City","Brighton",2,2,0.9,1.7,"Thomas Bramall","King Power Stadium",32056,"https://fbref.com/en/matches/bcbbc55f/Leicester-City-Brighton-and-Hove-Albion-January-21-2023-Premier-League"
21,"Sat","2023-01-21","15:00 (23:00)","West Ham","Everton",2,0,2.2,0.5,"Stuart Attwell","London Stadium",62470,"https://fbref.com/en/matches/db9cdba8/West-Ham-United-Everton-January-21-2023-Premier-League"
21,"Sat","2023-01-21","17:30 (01:30)","Crystal Palace","Newcastle Utd",0,0,0.3,1.2,"Craig Pawson","Selhurst Park",25350,"https://fbref.com/en/matches/8468f673/Crystal-Palace-Newcastle-United-January-21-2023-Premier-League"
21,"Sun","2023-01-22","14:00 (22:00)","Leeds United","Brentford",0,0,0.5,0.4,"Peter Bankes","Elland Road",36260,"https://fbref.com/en/matches/f0e7d8a8/Leeds-United-Brentford-January-22-2023-Premier-League"
21,"Sun","2023-01-22","14:00 (22:00)","Manchester City","Wolves",3,0,2.8,0.8,"David Coote","Etihad Stadium",53282,"https://fbref.com/en/matches/7337f90a/Manchester-City-Wolverhampton-Wanderers-January-22-2023-Premier-League"
21,"Sun","2023-01-22","16:30 (00:30)","Arsenal","Manchester Utd",3,2,3.1,0.4,"Anthony Taylor","Emirates Stadium",60325,"https://fbref.com/en/matches/1b35bc71/Arsenal-Manchester-United-January-22-2023-Premier-League"
21,"Mon","2023-01-23","20:00 (04:00)","Fulham","Tottenham",0,1,1,0.9,"Paul Tierney","Craven Cottage",24190,"https://fbref.com/en/matches/098cd338/Fulham-Tottenham-Hotspur-January-23-2023-Premier-League"
22,"Fri","2023-02-03","20:00 (04:00)","Chelsea","Fulham",0,0,1.3,0.6,"Stuart Attwell","Stamford Bridge",40041,"https://fbref.com/en/matches/c3cf244b/Chelsea-Fulham-February-3-2023-Premier-League"
22,"Sat","2023-02-04","12:30 (20:30)","Everton","Arsenal",1,0,1.7,0.9,"David Coote","Goodison Park",39314,"https://fbref.com/en/matches/07fc721a/Everton-Arsenal-February-4-2023-Premier-League"
22,"Sat","2023-02-04","15:00 (23:00)","Brentford","Southampton",3,0,2,0.7,"Darren Bond","Brentford Community Stadium",17051,"https://fbref.com/en/matches/ef31dad5/Brentford-Southampton-February-4-2023-Premier-League"
22,"Sat","2023-02-04","15:00 (23:00)","Wolves","Liverpool",3,0,2,1.8,"Paul Tierney","Molineux Stadium",31664,"https://fbref.com/en/matches/d67a16c8/Wolverhampton-Wanderers-Liverpool-February-4-2023-Premier-League"
22,"Sat","2023-02-04","15:00 (23:00)","Manchester Utd","Crystal Palace",2,1,2,1.3,"Andre Marriner","Old Trafford",73420,"https://fbref.com/en/matches/dca5ea6c/Manchester-United-Crystal-Palace-February-4-2023-Premier-League"
22,"Sat","2023-02-04","15:00 (23:00)","Aston Villa","Leicester City",2,4,1.7,2.6,"Darren England","Villa Park",42055,"https://fbref.com/en/matches/76a2a22c/Aston-Villa-Leicester-City-February-4-2023-Premier-League"
22,"Sat","2023-02-04","15:00 (23:00)","Brighton","Bournemouth",1,0,2.2,1.1,"Craig Pawson","The American Express Community Stadium",31600,"https://fbref.com/en/matches/dccc53ae/Brighton-and-Hove-Albion-Bournemouth-February-4-2023-Premier-League"
22,"Sat","2023-02-04","17:30 (01:30)","Newcastle Utd","West Ham",1,1,1,1,"Peter Bankes","St James' Park",52256,"https://fbref.com/en/matches/34e9160c/Newcastle-United-West-Ham-United-February-4-2023-Premier-League"
22,"Sun","2023-02-05","14:00 (22:00)","Nott'ham Forest","Leeds United",1,0,0.4,0.9,"Robert Jones","The City Ground",29363,"https://fbref.com/en/matches/7c47cb5e/Nottingham-Forest-Leeds-United-February-5-2023-Premier-League"
22,"Sun","2023-02-05","16:30 (00:30)","Tottenham","Manchester City",1,0,1.4,1.3,"Andy Madley","Tottenham Hotspur Stadium",61747,"https://fbref.com/en/matches/8a923619/Tottenham-Hotspur-Manchester-City-February-5-2023-Premier-League"
8,"Wed","2023-02-08","20:00 (04:00)","Manchester Utd","Leeds United",2,2,2,0.6,"Simon Hooper","Old Trafford",73456,"https://fbref.com/en/matches/80532a54/Manchester-United-Leeds-United-February-8-2023-Premier-League"
23,"Sat","2023-02-11","12:30 (20:30)","West Ham","Chelsea",1,1,1.3,1.1,"Craig Pawson","London Stadium",62471,"https://fbref.com/en/matches/18dea268/West-Ham-United-Chelsea-February-11-2023-Premier-League"
23,"Sat","2023-02-11","15:00 (23:00)","Arsenal","Brentford",1,1,1.6,2,"Peter Bankes","Emirates Stadium",60254,"https://fbref.com/en/matches/7caa56bc/Arsenal-Brentford-February-11-2023-Premier-League"
23,"Sat","2023-02-11","15:00 (23:00)","Leicester City","Tottenham",4,1,1.7,1.3,"Michael Salisbury","King Power Stadium",32184,"https://fbref.com/en/matches/390c7b85/Leicester-City-Tottenham-Hotspur-February-11-2023-Premier-League"
23,"Sat","2023-02-11","15:00 (23:00)","Fulham","Nott'ham Forest",2,0,1.5,0.7,"Andy Madley","Craven Cottage",24244,"https://fbref.com/en/matches/ee86dc99/Fulham-Nottingham-Forest-February-11-2023-Premier-League"
23,"Sat","2023-02-11","15:00 (23:00)","Crystal Palace","Brighton",1,1,1.1,2.5,"Michael Oliver","Selhurst Park",24827,"https://fbref.com/en/matches/5d5deba7/Crystal-Palace-Brighton-and-Hove-Albion-February-11-2023-Premier-League"
23,"Sat","2023-02-11","15:00 (23:00)","Southampton","Wolves",1,2,1.1,0.8,"Jarred Gillett","St. Mary's Stadium",29751,"https://fbref.com/en/matches/8c7913ed/Southampton-Wolverhampton-Wanderers-February-11-2023-Premier-League"
23,"Sat","2023-02-11","17:30 (01:30)","Bournemouth","Newcastle Utd",1,1,1.5,1.3,"Stuart Attwell","Vitality Stadium",10419,"https://fbref.com/en/matches/d9339e30/Bournemouth-Newcastle-United-February-11-2023-Premier-League"
23,"Sun","2023-02-12","14:00 (22:00)","Leeds United","Manchester Utd",0,2,1.8,1.1,"Paul Tierney","Elland Road",36919,"https://fbref.com/en/matches/3386146f/Leeds-United-Manchester-United-February-12-2023-Premier-League"
23,"Sun","2023-02-12","16:30 (00:30)","Manchester City","Aston Villa",3,1,3.3,0.3,"Robert Jones","Etihad Stadium",53392,"https://fbref.com/en/matches/18fcd595/Manchester-City-Aston-Villa-February-12-2023-Premier-League"
23,"Mon","2023-02-13","20:00 (04:00)","Liverpool","Everton",2,0,2.3,0.4,"Simon Hooper","Anfield",53027,"https://fbref.com/en/matches/a895ec23/Merseyside-Derby-Liverpool-Everton-February-13-2023-Premier-League"
12,"Wed","2023-02-15","19:30 (03:30)","Arsenal","Manchester City",1,3,1.6,1.8,"Anthony Taylor","Emirates Stadium",60276,"https://fbref.com/en/matches/b9da01e6/Arsenal-Manchester-City-February-15-2023-Premier-League"
24,"Sat","2023-02-18","12:30 (20:30)","Aston Villa","Arsenal",2,4,0.5,3.2,"Simon Hooper","Villa Park",42066,"https://fbref.com/en/matches/e50bfcf8/Aston-Villa-Arsenal-February-18-2023-Premier-League"
24,"Sat","2023-02-18","15:00 (23:00)","Brighton","Fulham",0,1,2.2,0.3,"Darren England","The American Express Community Stadium",31619,"https://fbref.com/en/matches/67a7aee6/Brighton-and-Hove-Albion-Fulham-February-18-2023-Premier-League"
24,"Sat","2023-02-18","15:00 (23:00)","Brentford","Crystal Palace",1,1,0.9,1.1,"Paul Tierney","Brentford Community Stadium",17122,"https://fbref.com/en/matches/f6370484/Brentford-Crystal-Palace-February-18-2023-Premier-League"
24,"Sat","2023-02-18","15:00 (23:00)","Everton","Leeds United",1,0,1.4,0.5,"Andy Madley","Goodison Park",39232,"https://fbref.com/en/matches/d5f67d2e/Everton-Leeds-United-February-18-2023-Premier-League"
24,"Sat","2023-02-18","15:00 (23:00)","Chelsea","Southampton",0,1,1.6,0.6,"David Coote","Stamford Bridge",40152,"https://fbref.com/en/matches/8d750d5d/Chelsea-Southampton-February-18-2023-Premier-League"
24,"Sat","2023-02-18","15:00 (23:00)","Wolves","Bournemouth",0,1,1.3,1.1,"Michael Salisbury","Molineux Stadium",31222,"https://fbref.com/en/matches/eaf37ab4/Wolverhampton-Wanderers-Bournemouth-February-18-2023-Premier-League"
24,"Sat","2023-02-18","15:00 (23:00)","Nott'ham Forest","Manchester City",1,1,0.9,2.4,"Graham Scott","The City Ground",29365,"https://fbref.com/en/matches/7f12d9aa/Nottingham-Forest-Manchester-City-February-18-2023-Premier-League"
24,"Sat","2023-02-18","17:30 (01:30)","Newcastle Utd","Liverpool",0,2,2,1.9,"Anthony Taylor","St James' Park",52758,"https://fbref.com/en/matches/2f909763/Newcastle-United-Liverpool-February-18-2023-Premier-League"
24,"Sun","2023-02-19","14:00 (22:00)","Manchester Utd","Leicester City",3,0,4.4,1.6,"Stuart Attwell","Old Trafford",73578,"https://fbref.com/en/matches/d6e88163/Manchester-United-Leicester-City-February-19-2023-Premier-League"
24,"Sun","2023-02-19","16:30 (00:30)","Tottenham","West Ham",2,0,1.5,0.5,"Michael Oliver","Tottenham Hotspur Stadium",61476,"https://fbref.com/en/matches/aae66d3d/Tottenham-Hotspur-West-Ham-United-February-19-2023-Premier-League"
25,"Fri","2023-02-24","20:00 (04:00)","Fulham","Wolves",1,1,0.5,0.8,"Michael Oliver","Craven Cottage",24399,"https://fbref.com/en/matches/b452508e/Fulham-Wolverhampton-Wanderers-February-24-2023-Premier-League"
25,"Sat","2023-02-25","15:00 (23:00)","Leicester City","Arsenal",0,1,0,0.7,"Craig Pawson","King Power Stadium",32227,"https://fbref.com/en/matches/145cc0a5/Leicester-City-Arsenal-February-25-2023-Premier-League"
25,"Sat","2023-02-25","15:00 (23:00)","Everton","Aston Villa",0,2,1.6,1.9,"Anthony Taylor","Goodison Park",39309,"https://fbref.com/en/matches/25436a3b/Everton-Aston-Villa-February-25-2023-Premier-League"
25,"Sat","2023-02-25","15:00 (23:00)","Leeds United","Southampton",1,0,0.9,0.4,"Peter Bankes","Elland Road",36641,"https://fbref.com/en/matches/9edb32a3/Leeds-United-Southampton-February-25-2023-Premier-League"
25,"Sat","2023-02-25","15:00 (23:00)","West Ham","Nott'ham Forest",4,0,2.7,0.4,"Jarred Gillett","London Stadium",62469,"https://fbref.com/en/matches/767981c6/West-Ham-United-Nottingham-Forest-February-25-2023-Premier-League"
25,"Sat","2023-02-25","17:30 (01:30)","Bournemouth","Manchester City",1,4,1,2.4,"Paul Tierney","Vitality Stadium",10481,"https://fbref.com/en/matches/e731c1dd/Bournemouth-Manchester-City-February-25-2023-Premier-League"
25,"Sat","2023-02-25","19:45 (03:45)","Crystal Palace","Liverpool",0,0,0.7,0.9,"Darren England","Selhurst Park",25842,"https://fbref.com/en/matches/8a59c49c/Crystal-Palace-Liverpool-February-25-2023-Premier-League"
25,"Sun","2023-02-26","13:30 (21:30)","Tottenham","Chelsea",2,0,0.8,0.4,"Stuart Attwell","Tottenham Hotspur Stadium",61613,"https://fbref.com/en/matches/8eff71b5/Tottenham-Hotspur-Chelsea-February-26-2023-Premier-League"
7,"Wed","2023-03-01","19:45 (03:45)","Arsenal","Everton",4,0,2.4,1.2,"Michael Oliver","Emirates Stadium",60213,"https://fbref.com/en/matches/705a2f3c/Arsenal-Everton-March-1-2023-Premier-League"
7,"Wed","2023-03-01","20:00 (04:00)","Liverpool","Wolves",2,0,2.6,0.8,"Paul Tierney","Anfield",53259,"https://fbref.com/en/matches/5e05f5f4/Liverpool-Wolverhampton-Wanderers-March-1-2023-Premier-League"
26,"Sat","2023-03-04","12:30 (20:30)","Manchester City","Newcastle Utd",2,0,1.3,0.4,"Simon Hooper","Etihad Stadium",53419,"https://fbref.com/en/matches/b33bcb97/Manchester-City-Newcastle-United-March-4-2023-Premier-League"
26,"Sat","2023-03-04","15:00 (23:00)","Chelsea","Leeds United",1,0,1.5,1,"Michael Oliver","Stamford Bridge",39905,"https://fbref.com/en/matches/59f9a78f/Chelsea-Leeds-United-March-4-2023-Premier-League"
26,"Sat","2023-03-04","15:00 (23:00)","Aston Villa","Crystal Palace",1,0,1.2,0.2,"Craig Pawson","Villa Park",41893,"https://fbref.com/en/matches/433a4487/Aston-Villa-Crystal-Palace-March-4-2023-Premier-League"
26,"Sat","2023-03-04","15:00 (23:00)","Wolves","Tottenham",1,0,0.5,1.2,"Tim Robinson","Molineux Stadium",31585,"https://fbref.com/en/matches/bf4ac62d/Wolverhampton-Wanderers-Tottenham-Hotspur-March-4-2023-Premier-League"
26,"Sat","2023-03-04","15:00 (23:00)","Brighton","West Ham",4,0,3.5,0.3,"Stuart Attwell","The American Express Community Stadium",31523,"https://fbref.com/en/matches/bee059c4/Brighton-and-Hove-Albion-West-Ham-United-March-4-2023-Premier-League"
26,"Sat","2023-03-04","15:00 (23:00)","Arsenal","Bournemouth",3,2,2.1,1.3,"Chris Kavanagh","Emirates Stadium",60222,"https://fbref.com/en/matches/3e9a33fc/Arsenal-Bournemouth-March-4-2023-Premier-League"
26,"Sat","2023-03-04","17:30 (01:30)","Southampton","Leicester City",1,0,1.4,1.9,"Robert Jones","St. Mary's Stadium",30139,"https://fbref.com/en/matches/4d14422c/Southampton-Leicester-City-March-4-2023-Premier-League"
26,"Sun","2023-03-05","14:00 (22:00)","Nott'ham Forest","Everton",2,2,0.8,1.7,"John Brooks","The City Ground",29353,"https://fbref.com/en/matches/ec770341/Nottingham-Forest-Everton-March-5-2023-Premier-League"
26,"Sun","2023-03-05","16:30 (00:30)","Liverpool","Manchester Utd",7,0,2.8,0.8,"Andy Madley","Anfield",53001,"https://fbref.com/en/matches/756e8036/North-West-Derby-Liverpool-Manchester-United-March-5-2023-Premier-League"
26,"Mon","2023-03-06","20:00 (04:00)","Brentford","Fulham",3,2,2.1,1.4,"Anthony Taylor","Brentford Community Stadium",17025,"https://fbref.com/en/matches/3dce3a24/Brentford-Fulham-March-6-2023-Premier-League"
27,"Sat","2023-03-11","12:30 (20:30)","Bournemouth","Liverpool",1,0,0.9,1.7,"John Brooks","Vitality Stadium",10536,"https://fbref.com/en/matches/d376dff8/Bournemouth-Liverpool-March-11-2023-Premier-League"
27,"Sat","2023-03-11","15:00 (23:00)","Tottenham","Nott'ham Forest",3,1,2,1.5,"Craig Pawson","Tottenham Hotspur Stadium",61460,"https://fbref.com/en/matches/d065f9cd/Tottenham-Hotspur-Nottingham-Forest-March-11-2023-Premier-League"
27,"Sat","2023-03-11","15:00 (23:00)","Everton","Brentford",1,0,1,2,"Simon Hooper","Goodison Park",39274,"https://fbref.com/en/matches/980f57d4/Everton-Brentford-March-11-2023-Premier-League"
27,"Sat","2023-03-11","15:00 (23:00)","Leicester City","Chelsea",1,3,2.4,1.6,"Andre Marriner","King Power Stadium",32170,"https://fbref.com/en/matches/bd5571a1/Leicester-City-Chelsea-March-11-2023-Premier-League"
27,"Sat","2023-03-11","15:00 (23:00)","Leeds United","Brighton",2,2,0.9,2.7,"Paul Tierney","Elland Road",36471,"https://fbref.com/en/matches/3f653d6f/Leeds-United-Brighton-and-Hove-Albion-March-11-2023-Premier-League"
27,"Sat","2023-03-11","17:30 (01:30)","Crystal Palace","Manchester City",0,1,0.2,2.1,"Robert Jones","Selhurst Park",25844,"https://fbref.com/en/matches/d29fe1d9/Crystal-Palace-Manchester-City-March-11-2023-Premier-League"
27,"Sun","2023-03-12","14:00 (22:00)","Fulham","Arsenal",0,3,0.8,2.3,"David Coote","Craven Cottage",24426,"https://fbref.com/en/matches/d238973c/Fulham-Arsenal-March-12-2023-Premier-League"
27,"Sun","2023-03-12","14:00 (22:00)","West Ham","Aston Villa",1,1,2.1,1.5,"Chris Kavanagh","London Stadium",62472,"https://fbref.com/en/matches/df6f054e/West-Ham-United-Aston-Villa-March-12-2023-Premier-League"
27,"Sun","2023-03-12","14:00 (22:00)","Manchester Utd","Southampton",0,0,0.8,1,"Anthony Taylor","Old Trafford",73439,"https://fbref.com/en/matches/9cd3ca2c/Manchester-United-Southampton-March-12-2023-Premier-League"
27,"Sun","2023-03-12","16:30 (00:30)","Newcastle Utd","Wolves",2,1,1.8,1.1,"Andy Madley","St James' Park",52240,"https://fbref.com/en/matches/c416a3de/Newcastle-United-Wolverhampton-Wanderers-March-12-2023-Premier-League"
7,"Wed","2023-03-15","19:30 (03:30)","Southampton","Brentford",0,2,0.5,1.9,"Michael Salisbury","St. Mary's Stadium",30438,"https://fbref.com/en/matches/a4202b5b/Southampton-Brentford-March-15-2023-Premier-League"
8,"Wed","2023-03-15","19:30 (03:30)","Brighton","Crystal Palace",1,0,0.6,1.1,"Peter Bankes","The American Express Community Stadium",30933,"https://fbref.com/en/matches/d23a30cc/Brighton-and-Hove-Albion-Crystal-Palace-March-15-2023-Premier-League"
28,"Fri","2023-03-17","20:00 (04:00)","Nott'ham Forest","Newcastle Utd",1,2,0.4,2.4,"Paul Tierney","The City Ground",29362,"https://fbref.com/en/matches/5345049a/Nottingham-Forest-Newcastle-United-March-17-2023-Premier-League"
28,"Sat","2023-03-18","15:00 (23:00)","Wolves","Leeds United",2,4,2.7,1.6,"Michael Salisbury","Molineux Stadium",31570,"https://fbref.com/en/matches/3cb714a4/Wolverhampton-Wanderers-Leeds-United-March-18-2023-Premier-League"
28,"Sat","2023-03-18","15:00 (23:00)","Brentford","Leicester City",1,1,0.6,1.3,"Darren Bond","Brentford Community Stadium",17006,"https://fbref.com/en/matches/7647948e/Brentford-Leicester-City-March-18-2023-Premier-League"
28,"Sat","2023-03-18","15:00 (23:00)","Aston Villa","Bournemouth",3,0,3.5,1.3,"Robert Jones","Villa Park",41021,"https://fbref.com/en/matches/88981274/Aston-Villa-Bournemouth-March-18-2023-Premier-League"
28,"Sat","2023-03-18","15:00 (23:00)","Southampton","Tottenham",3,3,2.4,2.3,"Simon Hooper","St. Mary's Stadium",30157,"https://fbref.com/en/matches/bd9ec55d/Southampton-Tottenham-Hotspur-March-18-2023-Premier-League"
28,"Sat","2023-03-18","17:30 (01:30)","Chelsea","Everton",2,2,2.3,1.2,"Darren England","Stamford Bridge",40025,"https://fbref.com/en/matches/9453dba7/Chelsea-Everton-March-18-2023-Premier-League"
28,"Sun","2023-03-19","14:00 (22:00)","Arsenal","Crystal Palace",4,1,1.6,0.8,"Stuart Attwell","Emirates Stadium",60247,"https://fbref.com/en/matches/98e0de00/Arsenal-Crystal-Palace-March-19-2023-Premier-League"
29,"Sat","2023-04-01","12:30 (19:30)","Manchester City","Liverpool",4,1,2.9,0.3,"Simon Hooper","Etihad Stadium",52877,"https://fbref.com/en/matches/40966f45/Manchester-City-Liverpool-April-1-2023-Premier-League"
29,"Sat","2023-04-01","15:00 (22:00)","Arsenal","Leeds United",4,1,3.8,0.7,"Darren England","Emirates Stadium",60283,"https://fbref.com/en/matches/2e4383ca/Arsenal-Leeds-United-April-1-2023-Premier-League"
29,"Sat","2023-04-01","15:00 (22:00)","Bournemouth","Fulham",2,1,2.6,0.8,"Peter Bankes","Vitality Stadium",10305,"https://fbref.com/en/matches/f64320c3/Bournemouth-Fulham-April-1-2023-Premier-League"
29,"Sat","2023-04-01","15:00 (22:00)","Crystal Palace","Leicester City",2,1,2.3,0.2,"Tim Robinson","Selhurst Park",25147,"https://fbref.com/en/matches/ee1878a0/Crystal-Palace-Leicester-City-April-1-2023-Premier-League"
29,"Sat","2023-04-01","15:00 (22:00)","Brighton","Brentford",3,3,4.2,1.6,"Michael Oliver","The American Express Community Stadium",31493,"https://fbref.com/en/matches/ead2251e/Brighton-and-Hove-Albion-Brentford-April-1-2023-Premier-League"
29,"Sat","2023-04-01","15:00 (22:00)","Nott'ham Forest","Wolves",1,1,1.3,0.5,"Chris Kavanagh","The City Ground",29368,"https://fbref.com/en/matches/c14b278c/Nottingham-Forest-Wolverhampton-Wanderers-April-1-2023-Premier-League"
29,"Sat","2023-04-01","17:30 (00:30)","Chelsea","Aston Villa",0,2,2.1,0.9,"Andy Madley","Stamford Bridge",40082,"https://fbref.com/en/matches/870fa8c9/Chelsea-Aston-Villa-April-1-2023-Premier-League"
29,"Sun","2023-04-02","14:00 (21:00)","West Ham","Southampton",1,0,1.4,0.3,"Paul Tierney","London Stadium",62498,"https://fbref.com/en/matches/42e1f38d/West-Ham-United-Southampton-April-2-2023-Premier-League"
29,"Sun","2023-04-02","16:30 (23:30)","Newcastle Utd","Manchester Utd",2,0,3.7,0.4,"Stuart Attwell","St James' Park",52268,"https://fbref.com/en/matches/1ed948f6/Newcastle-United-Manchester-United-April-2-2023-Premier-League"
29,"Mon","2023-04-03","20:00 (03:00)","Everton","Tottenham",1,1,0.9,1.4,"David Coote","Goodison Park",39294,"https://fbref.com/en/matches/c00d9a22/Everton-Tottenham-Hotspur-April-3-2023-Premier-League"
7,"Tue","2023-04-04","19:45 (02:45)","Leeds United","Nott'ham Forest",2,1,1.8,0.8,"Robert Jones","Elland Road",36740,"https://fbref.com/en/matches/1251d1c0/Leeds-United-Nottingham-Forest-April-4-2023-Premier-League"
7,"Tue","2023-04-04","19:45 (02:45)","Leicester City","Aston Villa",1,2,0.5,1,"Graham Scott","King Power Stadium",32087,"https://fbref.com/en/matches/f213214b/Leicester-City-Aston-Villa-April-4-2023-Premier-League"
7,"Tue","2023-04-04","19:45 (02:45)","Bournemouth","Brighton",0,2,1.7,2.7,"Darren Bond","Vitality Stadium",10266,"https://fbref.com/en/matches/95a97dc6/Bournemouth-Brighton-and-Hove-Albion-April-4-2023-Premier-League"
8,"Tue","2023-04-04","20:00 (03:00)","Chelsea","Liverpool",0,0,2.2,0.3,"Anthony Taylor","Stamford Bridge",40093,"https://fbref.com/en/matches/1028e683/Chelsea-Liverpool-April-4-2023-Premier-League"
7,"Wed","2023-04-05","20:00 (03:00)","West Ham","Newcastle Utd",1,5,1,3.3,"Craig Pawson","London Stadium",62481,"https://fbref.com/en/matches/4a87012d/West-Ham-United-Newcastle-United-April-5-2023-Premier-League"
25,"Wed","2023-04-05","20:00 (03:00)","Manchester Utd","Brentford",1,0,1.2,0.7,"John Brooks","Old Trafford",73309,"https://fbref.com/en/matches/f3e6e475/Manchester-United-Brentford-April-5-2023-Premier-League"
30,"Sat","2023-04-08","12:30 (19:30)","Manchester Utd","Everton",2,0,3.4,1,"Michael Oliver","Old Trafford",73509,"https://fbref.com/en/matches/e217ed2c/Manchester-United-Everton-April-8-2023-Premier-League"
30,"Sat","2023-04-08","15:00 (22:00)","Fulham","West Ham",0,1,0.7,1.1,"Jarred Gillett","Craven Cottage",24491,"https://fbref.com/en/matches/0ba42648/Fulham-West-Ham-United-April-8-2023-Premier-League"
30,"Sat","2023-04-08","15:00 (22:00)","Wolves","Chelsea",1,0,0.6,1.1,"Peter Bankes","Molineux Stadium",31614,"https://fbref.com/en/matches/aa1fa8dc/Wolverhampton-Wanderers-Chelsea-April-8-2023-Premier-League"
30,"Sat","2023-04-08","15:00 (22:00)","Tottenham","Brighton",2,1,0.8,1.4,"Stuart Attwell","Tottenham Hotspur Stadium",61405,"https://fbref.com/en/matches/b3ad7bd4/Tottenham-Hotspur-Brighton-and-Hove-Albion-April-8-2023-Premier-League"
30,"Sat","2023-04-08","15:00 (22:00)","Leicester City","Bournemouth",0,1,0.6,1.9,"David Coote","King Power Stadium",32094,"https://fbref.com/en/matches/72ca7930/Leicester-City-Bournemouth-April-8-2023-Premier-League"
30,"Sat","2023-04-08","15:00 (22:00)","Brentford","Newcastle Utd",1,2,2.6,1.3,"Chris Kavanagh","Brentford Community Stadium",17107,"https://fbref.com/en/matches/a5e78e89/Brentford-Newcastle-United-April-8-2023-Premier-League"
30,"Sat","2023-04-08","15:00 (22:00)","Aston Villa","Nott'ham Forest",2,0,1.3,0.2,"Anthony Taylor","Villa Park",42076,"https://fbref.com/en/matches/68cd68fd/Aston-Villa-Nottingham-Forest-April-8-2023-Premier-League"
30,"Sat","2023-04-08","17:30 (00:30)","Southampton","Manchester City",1,4,0.4,2.9,"Robert Jones","St. Mary's Stadium",30963,"https://fbref.com/en/matches/fb045117/Southampton-Manchester-City-April-8-2023-Premier-League"
30,"Sun","2023-04-09","14:00 (21:00)","Leeds United","Crystal Palace",1,5,0.9,3,"Simon Hooper","Elland Road",36427,"https://fbref.com/en/matches/a1c39217/Leeds-United-Crystal-Palace-April-9-2023-Premier-League"
30,"Sun","2023-04-09","16:30 (23:30)","Liverpool","Arsenal",2,2,3.9,1.4,"Paul Tierney","Anfield",53267,"https://fbref.com/en/matches/f3774baa/Liverpool-Arsenal-April-9-2023-Premier-League"
31,"Sat","2023-04-15","12:30 (19:30)","Aston Villa","Newcastle Utd",3,0,1.9,0.5,"John Brooks","Villa Park",42055,"https://fbref.com/en/matches/7bbac622/Aston-Villa-Newcastle-United-April-15-2023-Premier-League"
31,"Sat","2023-04-15","15:00 (22:00)","Southampton","Crystal Palace",0,2,0.8,0.9,"Michael Oliver","St. Mary's Stadium",30309,"https://fbref.com/en/matches/67f47a1b/Southampton-Crystal-Palace-April-15-2023-Premier-League"
31,"Sat","2023-04-15","15:00 (22:00)","Everton","Fulham",1,3,1.4,1.8,"Anthony Taylor","Goodison Park",39241,"https://fbref.com/en/matches/ecae749b/Everton-Fulham-April-15-2023-Premier-League"
31,"Sat","2023-04-15","15:00 (22:00)","Tottenham","Bournemouth",2,3,2.2,1.3,"Andy Madley","Tottenham Hotspur Stadium",61369,"https://fbref.com/en/matches/bfc49d95/Tottenham-Hotspur-Bournemouth-April-15-2023-Premier-League"
31,"Sat","2023-04-15","15:00 (22:00)","Chelsea","Brighton",1,2,0.5,2.9,"Robert Jones","Stamford Bridge",40126,"https://fbref.com/en/matches/18e7d354/Chelsea-Brighton-and-Hove-Albion-April-15-2023-Premier-League"
31,"Sat","2023-04-15","15:00 (22:00)","Wolves","Brentford",2,0,0.8,1.1,"Paul Tierney","Molineux Stadium",30769,"https://fbref.com/en/matches/b2402736/Wolverhampton-Wanderers-Brentford-April-15-2023-Premier-League"
31,"Sat","2023-04-15","17:30 (00:30)","Manchester City","Leicester City",3,1,1.6,2.3,"Darren England","Etihad Stadium",53329,"https://fbref.com/en/matches/ce8df388/Manchester-City-Leicester-City-April-15-2023-Premier-League"
31,"Sun","2023-04-16","14:00 (21:00)","West Ham","Arsenal",2,2,1.8,2.7,"David Coote","London Stadium",62481,"https://fbref.com/en/matches/3120ba0d/West-Ham-United-Arsenal-April-16-2023-Premier-League"
31,"Sun","2023-04-16","16:30 (23:30)","Nott'ham Forest","Manchester Utd",0,2,0.7,3.5,"Simon Hooper","The City Ground",29435,"https://fbref.com/en/matches/4ca8f9f6/Nottingham-Forest-Manchester-United-April-16-2023-Premier-League"
31,"Mon","2023-04-17","20:00 (03:00)","Leeds United","Liverpool",1,6,1.4,2.7,"Craig Pawson","Elland Road",36657,"https://fbref.com/en/matches/fd3d05f5/Leeds-United-Liverpool-April-17-2023-Premier-League"
32,"Fri","2023-04-21","20:00 (03:00)","Arsenal","Southampton",3,3,2.4,1.3,"Simon Hooper","Emirates Stadium",60175,"https://fbref.com/en/matches/12efc7dd/Arsenal-Southampton-April-21-2023-Premier-League"
32,"Sat","2023-04-22","12:30 (19:30)","Fulham","Leeds United",2,1,1.7,0.8,"Peter Bankes","Craven Cottage",24356,"https://fbref.com/en/matches/f2d8700d/Fulham-Leeds-United-April-22-2023-Premier-League"
32,"Sat","2023-04-22","15:00 (22:00)","Brentford","Aston Villa",1,1,2.7,1.5,"Michael Salisbury","Brentford Community Stadium",17098,"https://fbref.com/en/matches/2b51686a/Brentford-Aston-Villa-April-22-2023-Premier-League"
32,"Sat","2023-04-22","15:00 (22:00)","Crystal Palace","Everton",0,0,0.5,0.4,"John Brooks","Selhurst Park",25202,"https://fbref.com/en/matches/25f6dcd1/Crystal-Palace-Everton-April-22-2023-Premier-League"
32,"Sat","2023-04-22","15:00 (22:00)","Liverpool","Nott'ham Forest",3,2,2.8,0.9,"Michael Oliver","Anfield",53254,"https://fbref.com/en/matches/99bfc321/Liverpool-Nottingham-Forest-April-22-2023-Premier-League"
32,"Sat","2023-04-22","15:00 (22:00)","Leicester City","Wolves",2,1,2.4,0.9,"Andy Madley","King Power Stadium",32053,"https://fbref.com/en/matches/b87e66b4/Leicester-City-Wolverhampton-Wanderers-April-22-2023-Premier-League"
32,"Sun","2023-04-23","14:00 (21:00)","Bournemouth","West Ham",0,4,1.5,2.4,"Anthony Taylor","Vitality Stadium",10465,"https://fbref.com/en/matches/3306d30f/Bournemouth-West-Ham-United-April-23-2023-Premier-League"
32,"Sun","2023-04-23","14:00 (21:00)","Newcastle Utd","Tottenham",6,1,3.7,1,"David Coote","St James' Park",52252,"https://fbref.com/en/matches/dff22d13/Newcastle-United-Tottenham-Hotspur-April-23-2023-Premier-League"
33,"Tue","2023-04-25","19:30 (02:30)","Wolves","Crystal Palace",2,0,1.4,0.8,"Robert Jones","Molineux Stadium",30294,"https://fbref.com/en/matches/825c78f1/Wolverhampton-Wanderers-Crystal-Palace-April-25-2023-Premier-League"
33,"Tue","2023-04-25","19:45 (02:45)","Aston Villa","Fulham",1,0,1,0.1,"Thomas Bramall","Villa Park",41046,"https://fbref.com/en/matches/8b295a84/Aston-Villa-Fulham-April-25-2023-Premier-League"
33,"Tue","2023-04-25","20:00 (03:00)","Leeds United","Leicester City",1,1,1.5,2.1,"Paul Tierney","Elland Road",36666,"https://fbref.com/en/matches/56c70cf7/Leeds-United-Leicester-City-April-25-2023-Premier-League"
33,"Wed","2023-04-26","19:30 (02:30)","Nott'ham Forest","Brighton",3,1,2.4,2.3,"Jarred Gillett","The City Ground",28808,"https://fbref.com/en/matches/76db2de1/Nottingham-Forest-Brighton-and-Hove-Albion-April-26-2023-Premier-League"
33,"Wed","2023-04-26","19:45 (02:45)","Chelsea","Brentford",0,2,1.3,1.1,"Andy Madley","Stamford Bridge",39929,"https://fbref.com/en/matches/071b5820/Chelsea-Brentford-April-26-2023-Premier-League"
33,"Wed","2023-04-26","19:45 (02:45)","West Ham","Liverpool",1,2,0.8,1.9,"Chris Kavanagh","London Stadium",62473,"https://fbref.com/en/matches/f2f795ae/West-Ham-United-Liverpool-April-26-2023-Premier-League"
33,"Wed","2023-04-26","20:00 (03:00)","Manchester City","Arsenal",4,1,2.5,0.5,"Michael Oliver","Etihad Stadium",53482,"https://fbref.com/en/matches/00a73645/Manchester-City-Arsenal-April-26-2023-Premier-League"
33,"Thu","2023-04-27","19:45 (02:45)","Southampton","Bournemouth",0,1,0.5,0.9,"Darren England","St. Mary's Stadium",30414,"https://fbref.com/en/matches/ccabe10f/Southampton-Bournemouth-April-27-2023-Premier-League"
33,"Thu","2023-04-27","19:45 (02:45)","Everton","Newcastle Utd",1,4,0.9,2.4,"Andre Marriner","Goodison Park",39248,"https://fbref.com/en/matches/37a741a7/Everton-Newcastle-United-April-27-2023-Premier-League"
33,"Thu","2023-04-27","20:15 (03:15)","Tottenham","Manchester Utd",2,2,2.5,2,"Anthony Taylor","Tottenham Hotspur Stadium",61586,"https://fbref.com/en/matches/8c9a5c5c/Tottenham-Hotspur-Manchester-United-April-27-2023-Premier-League"
34,"Sat","2023-04-29","12:30 (19:30)","Crystal Palace","West Ham",4,3,2.1,1.7,"Craig Pawson","Selhurst Park",25148,"https://fbref.com/en/matches/4ec72d3b/Crystal-Palace-West-Ham-United-April-29-2023-Premier-League"
34,"Sat","2023-04-29","15:00 (22:00)","Brentford","Nott'ham Forest",2,1,1.6,0.7,"Peter Bankes","Brentford Community Stadium",17080,"https://fbref.com/en/matches/3aeacbaa/Brentford-Nottingham-Forest-April-29-2023-Premier-League"
34,"Sat","2023-04-29","15:00 (22:00)","Brighton","Wolves",6,0,3.3,0.8,"David Coote","The American Express Community Stadium",31584,"https://fbref.com/en/matches/21f920e0/Brighton-and-Hove-Albion-Wolverhampton-Wanderers-April-29-2023-Premier-League"
34,"Sun","2023-04-30","14:00 (21:00)","Fulham","Manchester City",1,2,0.2,2.5,"Simon Hooper","Craven Cottage",24498,"https://fbref.com/en/matches/d4d0cb2a/Fulham-Manchester-City-April-30-2023-Premier-League"
34,"Sun","2023-04-30","14:00 (21:00)","Manchester Utd","Aston Villa",1,0,1.2,0.6,"Jarred Gillett","Old Trafford",73592,"https://fbref.com/en/matches/08607696/Manchester-United-Aston-Villa-April-30-2023-Premier-League"
34,"Sun","2023-04-30","14:00 (21:00)","Newcastle Utd","Southampton",3,1,4.3,0.8,"Anthony Taylor","St James' Park",52234,"https://fbref.com/en/matches/b16063b6/Newcastle-United-Southampton-April-30-2023-Premier-League"
34,"Sun","2023-04-30","14:00 (21:00)","Bournemouth","Leeds United",4,1,1.9,1.6,"Chris Kavanagh","Vitality Stadium",10434,"https://fbref.com/en/matches/0b0733ce/Bournemouth-Leeds-United-April-30-2023-Premier-League"
34,"Sun","2023-04-30","16:30 (23:30)","Liverpool","Tottenham",4,3,2.2,2,"Paul Tierney","Anfield",53275,"https://fbref.com/en/matches/e07267b3/Liverpool-Tottenham-Hotspur-April-30-2023-Premier-League"
34,"Mon","2023-05-01","20:00 (03:00)","Leicester City","Everton",2,2,3.4,3.1,"Michael Oliver","King Power Stadium",32173,"https://fbref.com/en/matches/95d2cc61/Leicester-City-Everton-May-1-2023-Premier-League"
34,"Tue","2023-05-02","20:00 (03:00)","Arsenal","Chelsea",3,1,1.7,0.8,"Robert Jones","Emirates Stadium",60144,"https://fbref.com/en/matches/2d551ff5/North-West-London-Derby-Arsenal-Chelsea-May-2-2023-Premier-League"
28,"Wed","2023-05-03","20:00 (03:00)","Liverpool","Fulham",1,0,1.8,0.9,"Stuart Attwell","Anfield",52602,"https://fbref.com/en/matches/24fb8eca/Liverpool-Fulham-May-3-2023-Premier-League"
28,"Wed","2023-05-03","20:00 (03:00)","Manchester City","West Ham",3,0,2.3,0.4,"John Brooks","Etihad Stadium",53305,"https://fbref.com/en/matches/fccab6ff/Manchester-City-West-Ham-United-May-3-2023-Premier-League"
28,"Thu","2023-05-04","20:00 (03:00)","Brighton","Manchester Utd",1,0,2.3,1.4,"Andre Marriner","The American Express Community Stadium",31577,"https://fbref.com/en/matches/16209587/Brighton-and-Hove-Albion-Manchester-United-May-4-2023-Premier-League"
35,"Sat","2023-05-06","15:00 (22:00)","Tottenham","Crystal Palace",1,0,0.9,0.4,"Darren England","Tottenham Hotspur Stadium",61093,"https://fbref.com/en/matches/0f1e1478/Tottenham-Hotspur-Crystal-Palace-May-6-2023-Premier-League"
35,"Sat","2023-05-06","15:00 (22:00)","Manchester City","Leeds United",2,1,2.6,0.2,"Andy Madley","Etihad Stadium",53406,"https://fbref.com/en/matches/7ee695ea/Manchester-City-Leeds-United-May-6-2023-Premier-League"
35,"Sat","2023-05-06","15:00 (22:00)","Bournemouth","Chelsea",1,3,1.2,1.3,"John Brooks","Vitality Stadium",10357,"https://fbref.com/en/matches/6116824f/Bournemouth-Chelsea-May-6-2023-Premier-League"
35,"Sat","2023-05-06","15:00 (22:00)","Wolves","Aston Villa",1,0,0.8,1.5,"Stuart Attwell","Molineux Stadium",31641,"https://fbref.com/en/matches/217a7faf/Wolverhampton-Wanderers-Aston-Villa-May-6-2023-Premier-League"
35,"Sat","2023-05-06","17:30 (00:30)","Liverpool","Brentford",1,0,2.2,0.2,"Anthony Taylor","Anfield",52838,"https://fbref.com/en/matches/6e2d1c8c/Liverpool-Brentford-May-6-2023-Premier-League"
35,"Sun","2023-05-07","16:30 (23:30)","Newcastle Utd","Arsenal",0,2,1.3,1.3,"Chris Kavanagh","St James' Park",50267,"https://fbref.com/en/matches/9bb3a778/Newcastle-United-Arsenal-May-7-2023-Premier-League"
35,"Sun","2023-05-07","19:00 (02:00)","West Ham","Manchester Utd",1,0,1.3,1.2,"Peter Bankes","London Stadium",62477,"https://fbref.com/en/matches/98f0c145/West-Ham-United-Manchester-United-May-7-2023-Premier-League"
35,"Mon","2023-05-08","15:00 (22:00)","Fulham","Leicester City",5,3,1.6,2.8,"Robert Jones","Craven Cottage",24442,"https://fbref.com/en/matches/9a5efecc/Fulham-Leicester-City-May-8-2023-Premier-League"
35,"Mon","2023-05-08","17:30 (00:30)","Brighton","Everton",1,5,3.2,2.3,"Simon Hooper","The American Express Community Stadium",31567,"https://fbref.com/en/matches/bf8d9047/Brighton-and-Hove-Albion-Everton-May-8-2023-Premier-League"
35,"Mon","2023-05-08","20:00 (03:00)","Nott'ham Forest","Southampton",4,3,1.8,3.1,"Michael Oliver","The City Ground",29154,"https://fbref.com/en/matches/23e7953f/Nottingham-Forest-Southampton-May-8-2023-Premier-League"
36,"Sat","2023-05-13","12:30 (19:30)","Leeds United","Newcastle Utd",2,2,2,2.3,"Simon Hooper","Elland Road",36955,"https://fbref.com/en/matches/d63581e0/Leeds-United-Newcastle-United-May-13-2023-Premier-League"
36,"Sat","2023-05-13","15:00 (22:00)","Chelsea","Nott'ham Forest",2,2,1.2,1.3,"Paul Tierney","Stamford Bridge",40030,"https://fbref.com/en/matches/96ab0b45/Chelsea-Nottingham-Forest-May-13-2023-Premier-League"
36,"Sat","2023-05-13","15:00 (22:00)","Manchester Utd","Wolves",2,0,3.2,0.3,"John Brooks","Old Trafford",73570,"https://fbref.com/en/matches/f5d61382/Manchester-United-Wolverhampton-Wanderers-May-13-2023-Premier-League"
36,"Sat","2023-05-13","15:00 (22:00)","Aston Villa","Tottenham",2,1,1.2,1.4,"Peter Bankes","Villa Park",42164,"https://fbref.com/en/matches/362514ee/Aston-Villa-Tottenham-Hotspur-May-13-2023-Premier-League"
36,"Sat","2023-05-13","15:00 (22:00)","Crystal Palace","Bournemouth",2,0,1.5,0.3,"Michael Salisbury","Selhurst Park",25034,"https://fbref.com/en/matches/a4ffd11f/Crystal-Palace-Bournemouth-May-13-2023-Premier-League"
36,"Sat","2023-05-13","15:00 (22:00)","Southampton","Fulham",0,2,0.4,1.4,"Thomas Bramall","St. Mary's Stadium",28978,"https://fbref.com/en/matches/e05f67be/Southampton-Fulham-May-13-2023-Premier-League"
36,"Sun","2023-05-14","14:00 (21:00)","Brentford","West Ham",2,0,3.4,0.2,"Michael Oliver","Brentford Community Stadium",17075,"https://fbref.com/en/matches/9a41c925/Brentford-West-Ham-United-May-14-2023-Premier-League"
36,"Sun","2023-05-14","14:00 (21:00)","Everton","Manchester City",0,3,1.6,0.8,"Anthony Taylor","Goodison Park",39376,"https://fbref.com/en/matches/704aa0f3/Everton-Manchester-City-May-14-2023-Premier-League"
36,"Sun","2023-05-14","16:30 (23:30)","Arsenal","Brighton",0,3,0.9,1.7,"Andy Madley","Emirates Stadium",60139,"https://fbref.com/en/matches/dc6fb985/Arsenal-Brighton-and-Hove-Albion-May-14-2023-Premier-League"
36,"Mon","2023-05-15","20:00 (03:00)","Leicester City","Liverpool",0,3,0.4,2.2,"Craig Pawson","King Power Stadium",32225,"https://fbref.com/en/matches/7dd0fbd7/Leicester-City-Liverpool-May-15-2023-Premier-League"
25,"Thu","2023-05-18","19:30 (02:30)","Newcastle Utd","Brighton",4,1,3.6,0.5,"Robert Jones","St James' Park",52122,"https://fbref.com/en/matches/e265430e/Newcastle-United-Brighton-and-Hove-Albion-May-18-2023-Premier-League"
37,"Sat","2023-05-20","12:30 (19:30)","Tottenham","Brentford",1,3,1.7,1.2,"Jarred Gillett","Tottenham Hotspur Stadium",61514,"https://fbref.com/en/matches/28ebbaf2/Tottenham-Hotspur-Brentford-May-20-2023-Premier-League"
37,"Sat","2023-05-20","15:00 (22:00)","Wolves","Everton",1,1,1.6,2,"David Coote","Molineux Stadium",31684,"https://fbref.com/en/matches/ff2b58c3/Wolverhampton-Wanderers-Everton-May-20-2023-Premier-League"
37,"Sat","2023-05-20","15:00 (22:00)","Liverpool","Aston Villa",1,1,0.7,1.3,"John Brooks","Anfield",53306,"https://fbref.com/en/matches/72646bde/Liverpool-Aston-Villa-May-20-2023-Premier-League"
37,"Sat","2023-05-20","15:00 (22:00)","Bournemouth","Manchester Utd",0,1,1,1.4,"Chris Kavanagh","Vitality Stadium",10240,"https://fbref.com/en/matches/ec496eca/Bournemouth-Manchester-United-May-20-2023-Premier-League"
37,"Sat","2023-05-20","15:00 (22:00)","Fulham","Crystal Palace",2,2,1.7,1.6,"Joshua Smith","Craven Cottage",24356,"https://fbref.com/en/matches/844f2c37/Fulham-Crystal-Palace-May-20-2023-Premier-League"
37,"Sat","2023-05-20","17:30 (00:30)","Nott'ham Forest","Arsenal",1,0,0.6,0.6,"Anthony Taylor","The City Ground",29514,"https://fbref.com/en/matches/9a2ea2b3/Nottingham-Forest-Arsenal-May-20-2023-Premier-League"
37,"Sun","2023-05-21","13:30 (20:30)","West Ham","Leeds United",3,1,2.1,0.9,"Peter Bankes","London Stadium",62478,"https://fbref.com/en/matches/0359c7d5/West-Ham-United-Leeds-United-May-21-2023-Premier-League"
37,"Sun","2023-05-21","14:00 (21:00)","Brighton","Southampton",3,1,2.5,0.6,"Paul Tierney","The American Express Community Stadium",31507,"https://fbref.com/en/matches/017addef/Brighton-and-Hove-Albion-Southampton-May-21-2023-Premier-League"
37,"Sun","2023-05-21","16:00 (23:00)","Manchester City","Chelsea",1,0,1.2,1.2,"Michael Oliver","Etihad Stadium",53490,"https://fbref.com/en/matches/589e447b/Manchester-City-Chelsea-May-21-2023-Premier-League"
37,"Mon","2023-05-22","20:00 (03:00)","Newcastle Utd","Leicester City",0,0,2.1,0.1,"Andre Marriner","St James' Park",52152,"https://fbref.com/en/matches/807863d8/Newcastle-United-Leicester-City-May-22-2023-Premier-League"
32,"Wed","2023-05-24","20:00 (03:00)","Brighton","Manchester City",1,1,2.2,1.8,"Simon Hooper","The American Express Community Stadium",31388,"https://fbref.com/en/matches/d4bee10d/Brighton-and-Hove-Albion-Manchester-City-May-24-2023-Premier-League"
32,"Thu","2023-05-25","20:00 (03:00)","Manchester Utd","Chelsea",4,1,5.2,1.9,"Stuart Attwell","Old Trafford",73561,"https://fbref.com/en/matches/d2f2263d/Manchester-United-Chelsea-May-25-2023-Premier-League"
38,"Sun","2023-05-28","16:30 (23:30)","Brentford","Manchester City",1,0,1.3,1.6,"John Brooks","Brentford Community Stadium",17120,"https://fbref.com/en/matches/e7e969e9/Brentford-Manchester-City-May-28-2023-Premier-League"
38,"Sun","2023-05-28","16:30 (23:30)","Everton","Bournemouth",1,0,1,0.5,"Stuart Attwell","Goodison Park",39201,"https://fbref.com/en/matches/94de848f/Everton-Bournemouth-May-28-2023-Premier-League"
38,"Sun","2023-05-28","16:30 (23:30)","Crystal Palace","Nott'ham Forest",1,1,1.4,0.5,"Thomas Bramall","Selhurst Park",25198,"https://fbref.com/en/matches/181fd119/Crystal-Palace-Nottingham-Forest-May-28-2023-Premier-League"
38,"Sun","2023-05-28","16:30 (23:30)","Southampton","Liverpool",4,4,1.8,4,"Darren England","St. Mary's Stadium",31129,"https://fbref.com/en/matches/8e5c6ea7/Southampton-Liverpool-May-28-2023-Premier-League"
38,"Sun","2023-05-28","16:30 (23:30)","Leicester City","West Ham",2,1,1.4,1.4,"Simon Hooper","King Power Stadium",32183,"https://fbref.com/en/matches/a96c9915/Leicester-City-West-Ham-United-May-28-2023-Premier-League"
38,"Sun","2023-05-28","16:30 (23:30)","Aston Villa","Brighton",2,1,2.8,1.4,"David Coote","Villa Park",,"https://fbref.com/en/matches/ac0e65e2/Aston-Villa-Brighton-and-Hove-Albion-May-28-2023-Premier-League"
38,"Sun","2023-05-28","16:30 (23:30)","Leeds United","Tottenham",1,4,1.5,2.2,"Anthony Taylor","Elland Road",36871,"https://fbref.com/en/matches/c9c73ddd/Leeds-United-Tottenham-Hotspur-May-28-2023-Premier-League"
38,"Sun","2023-05-28","16:30 (23:30)","Arsenal","Wolves",5,0,2.8,0.5,"Andre Marriner","Emirates Stadium",60095,"https://fbref.com/en/matches/71d5bd41/Arsenal-Wolverhampton-Wanderers-May-28-2023-Premier-League"
38,"Sun","2023-05-28","16:30 (23:30)","Manchester Utd","Fulham",2,1,2.9,1.8,"Robert Jones","Old Trafford",73465,"https://fbref.com/en/matches/64823dc9/Manchester-United-Fulham-May-28-2023-Premier-League"
38,"Sun","2023-05-28","16:30 (23:30)","Chelsea","Newcastle Utd",1,1,2.2,1.7,"Jarred Gillett","Stamford Bridge",40130,"https://fbref.com/en/matches/4f7b1a0d/Chelsea-Newcastle-United-May-28-2023-Premier-League"
